VCDIFF version:               0
VCDIFF header size:           54
VCDIFF header indicator:      VCD_APPHEADER 
VCDIFF secondary compressor:  lzma
VCDIFF application header:    IEGOGalaxySupernova1_0_5.cia//Supernovabase.cia/
XDELTA filename (output):     IEGOGalaxySupernova1_0_5.cia
XDELTA filename (source):     Supernovabase.cia
VCDIFF window number:         0
VCDIFF window indicator:      VCD_SOURCE VCD_ADLER32 
VCDIFF adler32 checksum:      C678C967
VCDIFF copy window length:    10702852
VCDIFF copy window offset:    0
VCDIFF delta encoding length: 990513
VCDIFF target window length:  8388608
VCDIFF data section length:   882614
VCDIFF inst section length:   62152
VCDIFF addr section length:   45729

VCDIFF window number:         1
VCDIFF window indicator:      VCD_SOURCE VCD_ADLER32 
VCDIFF adler32 checksum:      F1ED81B9
VCDIFF window at offset:      8388608
VCDIFF copy window length:    35446289
VCDIFF copy window offset:    11511
VCDIFF delta encoding length: 903585
VCDIFF target window length:  8388608
VCDIFF data section length:   805952
VCDIFF inst section length:   51646
VCDIFF addr section length:   45969

VCDIFF window number:         2
VCDIFF window indicator:      VCD_SOURCE VCD_ADLER32 
VCDIFF adler32 checksum:      78C1D75B
VCDIFF window at offset:      16777216
VCDIFF copy window length:    39762015
VCDIFF copy window offset:    14937
VCDIFF delta encoding length: 3945498
VCDIFF target window length:  8388608
VCDIFF data section length:   3465504
VCDIFF inst section length:   247990
VCDIFF addr section length:   231985

VCDIFF window number:         3
VCDIFF window indicator:      VCD_SOURCE VCD_ADLER32 
VCDIFF adler32 checksum:      3B73B285
VCDIFF window at offset:      25165824
VCDIFF copy window length:    56597494
VCDIFF copy window offset:    15177
VCDIFF delta encoding length: 5270163
VCDIFF target window length:  8388608
VCDIFF data section length:   4630273
VCDIFF inst section length:   328832
VCDIFF addr section length:   311039

VCDIFF window number:         4
VCDIFF window indicator:      VCD_SOURCE VCD_ADLER32 
VCDIFF adler32 checksum:      B044715F
VCDIFF window at offset:      33554432
VCDIFF copy window length:    66267970
VCDIFF copy window offset:    2931322
VCDIFF delta encoding length: 4970212
VCDIFF target window length:  8388608
VCDIFF data section length:   4367284
VCDIFF inst section length:   309379
VCDIFF addr section length:   293530

VCDIFF window number:         5
VCDIFF window indicator:      VCD_SOURCE VCD_ADLER32 
VCDIFF adler32 checksum:      A9990696
VCDIFF window at offset:      41943040
VCDIFF copy window length:    67048600
VCDIFF copy window offset:    10540220
VCDIFF delta encoding length: 5106700
VCDIFF target window length:  8388608
VCDIFF data section length:   4462148
VCDIFF inst section length:   331511
VCDIFF addr section length:   313022

VCDIFF window number:         6
VCDIFF window indicator:      VCD_SOURCE VCD_ADLER32 
VCDIFF adler32 checksum:      EBFC2EA5
VCDIFF window at offset:      50331648
VCDIFF copy window length:    66971850
VCDIFF copy window offset:    20976867
VCDIFF delta encoding length: 4194108
VCDIFF target window length:  8388608
VCDIFF data section length:   3675408
VCDIFF inst section length:   265375
VCDIFF addr section length:   253306

VCDIFF window number:         7
VCDIFF window indicator:      VCD_SOURCE VCD_ADLER32 
VCDIFF adler32 checksum:      3D00E7DC
VCDIFF window at offset:      58720256
VCDIFF copy window length:    67009772
VCDIFF copy window offset:    27267376
VCDIFF delta encoding length: 4845685
VCDIFF target window length:  8388608
VCDIFF data section length:   4253480
VCDIFF inst section length:   304740
VCDIFF addr section length:   287446

VCDIFF window number:         8
VCDIFF window indicator:      VCD_SOURCE VCD_ADLER32 
VCDIFF adler32 checksum:      E63D8774
VCDIFF window at offset:      67108864
VCDIFF copy window length:    66388025
VCDIFF copy window offset:    36363015
VCDIFF delta encoding length: 4905876
VCDIFF target window length:  8388608
VCDIFF data section length:   4259159
VCDIFF inst section length:   335244
VCDIFF addr section length:   311454

VCDIFF window number:         9
VCDIFF window indicator:      VCD_SOURCE VCD_ADLER32 
VCDIFF adler32 checksum:      C19C5760
VCDIFF window at offset:      75497472
VCDIFF copy window length:    67358676
VCDIFF copy window offset:    45885280
VCDIFF delta encoding length: 3989366
VCDIFF target window length:  8388608
VCDIFF data section length:   3495881
VCDIFF inst section length:   254784
VCDIFF addr section length:   238682

VCDIFF window number:         10
VCDIFF window indicator:      VCD_SOURCE VCD_ADLER32 
VCDIFF adler32 checksum:      A7C4645A
VCDIFF window at offset:      83886080
VCDIFF copy window length:    67078926
VCDIFF copy window offset:    52428951
VCDIFF delta encoding length: 4088985
VCDIFF target window length:  8388608
VCDIFF data section length:   3513105
VCDIFF inst section length:   294651
VCDIFF addr section length:   281210

VCDIFF window number:         11
VCDIFF window indicator:      VCD_SOURCE VCD_ADLER32 
VCDIFF adler32 checksum:      BEAE4C28
VCDIFF window at offset:      92274688
VCDIFF copy window length:    66662576
VCDIFF copy window offset:    61253686
VCDIFF delta encoding length: 3504616
VCDIFF target window length:  8388608
VCDIFF data section length:   3018996
VCDIFF inst section length:   249234
VCDIFF addr section length:   236367

VCDIFF window number:         12
VCDIFF window indicator:      VCD_SOURCE VCD_ADLER32 
VCDIFF adler32 checksum:      FD420D37
VCDIFF window at offset:      100663296
VCDIFF copy window length:    67102858
VCDIFF copy window offset:    69209081
VCDIFF delta encoding length: 4936606
VCDIFF target window length:  8388608
VCDIFF data section length:   4303003
VCDIFF inst section length:   327200
VCDIFF addr section length:   306384

VCDIFF window number:         13
VCDIFF window indicator:      VCD_SOURCE VCD_ADLER32 
VCDIFF adler32 checksum:      B4B30328
VCDIFF window at offset:      109051904
VCDIFF copy window length:    62031237
VCDIFF copy window offset:    82671348
VCDIFF delta encoding length: 3924498
VCDIFF target window length:  8388608
VCDIFF data section length:   3449052
VCDIFF inst section length:   242875
VCDIFF addr section length:   232552

VCDIFF window number:         14
VCDIFF window indicator:      VCD_SOURCE VCD_ADLER32 
VCDIFF adler32 checksum:      C251D5B0
VCDIFF window at offset:      117440512
VCDIFF copy window length:    63342701
VCDIFF copy window offset:    91840659
VCDIFF delta encoding length: 4292431
VCDIFF target window length:  8388608
VCDIFF data section length:   3765637
VCDIFF inst section length:   269379
VCDIFF addr section length:   257396

VCDIFF window number:         15
VCDIFF window indicator:      VCD_SOURCE VCD_ADLER32 
VCDIFF adler32 checksum:      A70688D1
VCDIFF window at offset:      125829120
VCDIFF copy window length:    66806428
VCDIFF copy window offset:    94671683
VCDIFF delta encoding length: 4245315
VCDIFF target window length:  8388608
VCDIFF data section length:   3685880
VCDIFF inst section length:   290765
VCDIFF addr section length:   268651

VCDIFF window number:         16
VCDIFF window indicator:      VCD_SOURCE VCD_ADLER32 
VCDIFF adler32 checksum:      E8292C5E
VCDIFF window at offset:      134217728
VCDIFF copy window length:    67082999
VCDIFF copy window offset:    102786145
VCDIFF delta encoding length: 3700809
VCDIFF target window length:  8388608
VCDIFF data section length:   3243321
VCDIFF inst section length:   233593
VCDIFF addr section length:   223876

VCDIFF window number:         17
VCDIFF window indicator:      VCD_SOURCE VCD_ADLER32 
VCDIFF adler32 checksum:      2B7D4F88
VCDIFF window at offset:      142606336
VCDIFF copy window length:    67074181
VCDIFF copy window offset:    113274425
VCDIFF delta encoding length: 3436314
VCDIFF target window length:  8388608
VCDIFF data section length:   3001900
VCDIFF inst section length:   220885
VCDIFF addr section length:   213510

VCDIFF window number:         18
VCDIFF window indicator:      VCD_SOURCE VCD_ADLER32 
VCDIFF adler32 checksum:      F81F24E9
VCDIFF window at offset:      150994944
VCDIFF copy window length:    66999571
VCDIFF copy window offset:    121741241
VCDIFF delta encoding length: 3428473
VCDIFF target window length:  8388608
VCDIFF data section length:   2943839
VCDIFF inst section length:   244566
VCDIFF addr section length:   240049

VCDIFF window number:         19
VCDIFF window indicator:      VCD_SOURCE VCD_ADLER32 
VCDIFF adler32 checksum:      B9B8183F
VCDIFF window at offset:      159383552
VCDIFF copy window length:    67100686
VCDIFF copy window offset:    127933669
VCDIFF delta encoding length: 4086963
VCDIFF target window length:  8388608
VCDIFF data section length:   3545642
VCDIFF inst section length:   275785
VCDIFF addr section length:   265517

VCDIFF window number:         20
VCDIFF window indicator:      VCD_SOURCE VCD_ADLER32 
VCDIFF adler32 checksum:      7531D60D
VCDIFF window at offset:      167772160
VCDIFF copy window length:    66854830
VCDIFF copy window offset:    136566809
VCDIFF delta encoding length: 5285014
VCDIFF target window length:  8388608
VCDIFF data section length:   4592334
VCDIFF inst section length:   352774
VCDIFF addr section length:   339887

VCDIFF window number:         21
VCDIFF window indicator:      VCD_SOURCE VCD_ADLER32 
VCDIFF adler32 checksum:      A90EB202
VCDIFF window at offset:      176160768
VCDIFF copy window length:    67081393
VCDIFF copy window offset:    144724541
VCDIFF delta encoding length: 4388400
VCDIFF target window length:  8388608
VCDIFF data section length:   3851111
VCDIFF inst section length:   271078
VCDIFF addr section length:   266192

VCDIFF window number:         22
VCDIFF window indicator:      VCD_SOURCE VCD_ADLER32 
VCDIFF adler32 checksum:      7174A0E5
VCDIFF window at offset:      184549376
VCDIFF copy window length:    67055584
VCDIFF copy window offset:    153118702
VCDIFF delta encoding length: 4948920
VCDIFF target window length:  8388608
VCDIFF data section length:   4341731
VCDIFF inst section length:   310590
VCDIFF addr section length:   296580

VCDIFF window number:         23
VCDIFF window indicator:      VCD_SOURCE VCD_ADLER32 
VCDIFF adler32 checksum:      C83237B3
VCDIFF window at offset:      192937984
VCDIFF copy window length:    67102669
VCDIFF copy window offset:    163581603
VCDIFF delta encoding length: 2927577
VCDIFF target window length:  8388608
VCDIFF data section length:   2525025
VCDIFF inst section length:   204981
VCDIFF addr section length:   197552

VCDIFF window number:         24
VCDIFF window indicator:      VCD_SOURCE VCD_ADLER32 
VCDIFF adler32 checksum:      9046B9F7
VCDIFF window at offset:      201326592
VCDIFF copy window length:    67084657
VCDIFF copy window offset:    169893376
VCDIFF delta encoding length: 3936635
VCDIFF target window length:  8388608
VCDIFF data section length:   3389564
VCDIFF inst section length:   276782
VCDIFF addr section length:   270270

VCDIFF window number:         25
VCDIFF window indicator:      VCD_SOURCE VCD_ADLER32 
VCDIFF adler32 checksum:      2A75A8C7
VCDIFF window at offset:      209715200
VCDIFF copy window length:    67074667
VCDIFF copy window offset:    178272564
VCDIFF delta encoding length: 4188557
VCDIFF target window length:  8388608
VCDIFF data section length:   3648183
VCDIFF inst section length:   276788
VCDIFF addr section length:   263567

VCDIFF window number:         26
VCDIFF window indicator:      VCD_SOURCE VCD_ADLER32 
VCDIFF adler32 checksum:      C8ED83CF
VCDIFF window at offset:      218103808
VCDIFF copy window length:    67044851
VCDIFF copy window offset:    186705951
VCDIFF delta encoding length: 4793041
VCDIFF target window length:  8388608
VCDIFF data section length:   4150393
VCDIFF inst section length:   326321
VCDIFF addr section length:   316308

VCDIFF window number:         27
VCDIFF window indicator:      VCD_SOURCE VCD_ADLER32 
VCDIFF adler32 checksum:      13AF7E53
VCDIFF window at offset:      226492416
VCDIFF copy window length:    67029461
VCDIFF copy window offset:    195113798
VCDIFF delta encoding length: 4649278
VCDIFF target window length:  8388608
VCDIFF data section length:   4094459
VCDIFF inst section length:   282326
VCDIFF addr section length:   272474

VCDIFF window number:         28
VCDIFF window indicator:      VCD_SOURCE VCD_ADLER32 
VCDIFF adler32 checksum:      1883611E
VCDIFF window at offset:      234881024
VCDIFF copy window length:    67102737
VCDIFF copy window offset:    203429690
VCDIFF delta encoding length: 3778109
VCDIFF target window length:  8388608
VCDIFF data section length:   3294836
VCDIFF inst section length:   246557
VCDIFF addr section length:   236697

VCDIFF window number:         29
VCDIFF window indicator:      VCD_SOURCE VCD_ADLER32 
VCDIFF adler32 checksum:      C0847AC0
VCDIFF window at offset:      243269632
VCDIFF copy window length:    67090849
VCDIFF copy window offset:    211824183
VCDIFF delta encoding length: 2798016
VCDIFF target window length:  8388608
VCDIFF data section length:   2472130
VCDIFF inst section length:   167182
VCDIFF addr section length:   158685

VCDIFF window number:         30
VCDIFF window indicator:      VCD_SOURCE VCD_ADLER32 
VCDIFF adler32 checksum:      AD32BA30
VCDIFF window at offset:      251658240
VCDIFF copy window length:    67058533
VCDIFF copy window offset:    220248457
VCDIFF delta encoding length: 3100846
VCDIFF target window length:  8388608
VCDIFF data section length:   2732366
VCDIFF inst section length:   189110
VCDIFF addr section length:   179351

VCDIFF window number:         31
VCDIFF window indicator:      VCD_SOURCE VCD_ADLER32 
VCDIFF adler32 checksum:      76905A21
VCDIFF window at offset:      260046848
VCDIFF copy window length:    68935734
VCDIFF copy window offset:    228600481
VCDIFF delta encoding length: 3170383
VCDIFF target window length:  8388608
VCDIFF data section length:   2761174
VCDIFF inst section length:   205300
VCDIFF addr section length:   203890

VCDIFF window number:         32
VCDIFF window indicator:      VCD_SOURCE VCD_ADLER32 
VCDIFF adler32 checksum:      FFC36292
VCDIFF window at offset:      268435456
VCDIFF copy window length:    67103485
VCDIFF copy window offset:    236981295
VCDIFF delta encoding length: 4439185
VCDIFF target window length:  8388608
VCDIFF data section length:   3925312
VCDIFF inst section length:   259770
VCDIFF addr section length:   254084

VCDIFF window number:         33
VCDIFF window indicator:      VCD_SOURCE VCD_ADLER32 
VCDIFF adler32 checksum:      7AADB98A
VCDIFF window at offset:      276824064
VCDIFF copy window length:    67039681
VCDIFF copy window offset:    245366795
VCDIFF delta encoding length: 4702632
VCDIFF target window length:  8388608
VCDIFF data section length:   4081226
VCDIFF inst section length:   315983
VCDIFF addr section length:   305404

VCDIFF window number:         34
VCDIFF window indicator:      VCD_SOURCE VCD_ADLER32 
VCDIFF adler32 checksum:      9C41CC0D
VCDIFF window at offset:      285212672
VCDIFF copy window length:    66876461
VCDIFF copy window offset:    255926155
VCDIFF delta encoding length: 3685527
VCDIFF target window length:  8388608
VCDIFF data section length:   3220080
VCDIFF inst section length:   235501
VCDIFF addr section length:   229927

VCDIFF window number:         35
VCDIFF window indicator:      VCD_SOURCE VCD_ADLER32 
VCDIFF adler32 checksum:      A7575D6E
VCDIFF window at offset:      293601280
VCDIFF copy window length:    42783338
VCDIFF copy window offset:    291836196
VCDIFF delta encoding length: 1831
VCDIFF target window length:  8388608
VCDIFF data section length:   0
VCDIFF inst section length:   1012
VCDIFF addr section length:   805

VCDIFF window number:         36
VCDIFF window indicator:      VCD_SOURCE VCD_ADLER32 
VCDIFF adler32 checksum:      0F9EFF8E
VCDIFF window at offset:      301989888
VCDIFF copy window length:    45456338
VCDIFF copy window offset:    297949836
VCDIFF delta encoding length: 1918
VCDIFF target window length:  8388608
VCDIFF data section length:   0
VCDIFF inst section length:   1056
VCDIFF addr section length:   848

VCDIFF window number:         37
VCDIFF window indicator:      VCD_SOURCE VCD_ADLER32 
VCDIFF adler32 checksum:      AB4975BB
VCDIFF window at offset:      310378496
VCDIFF copy window length:    42406500
VCDIFF copy window offset:    309836212
VCDIFF delta encoding length: 2046
VCDIFF target window length:  8388608
VCDIFF data section length:   0
VCDIFF inst section length:   1134
VCDIFF addr section length:   898

VCDIFF window number:         38
VCDIFF window indicator:      VCD_SOURCE VCD_ADLER32 
VCDIFF adler32 checksum:      26312727
VCDIFF window at offset:      318767104
VCDIFF copy window length:    40499836
VCDIFF copy window offset:    315687280
VCDIFF delta encoding length: 2241
VCDIFF target window length:  8388608
VCDIFF data section length:   0
VCDIFF inst section length:   1238
VCDIFF addr section length:   989

VCDIFF window number:         39
VCDIFF window indicator:      VCD_SOURCE VCD_ADLER32 
VCDIFF adler32 checksum:      31E8CA69
VCDIFF window at offset:      327155712
VCDIFF copy window length:    60124583
VCDIFF copy window offset:    307058733
VCDIFF delta encoding length: 2297
VCDIFF target window length:  8388608
VCDIFF data section length:   4
VCDIFF inst section length:   1256
VCDIFF addr section length:   1023

VCDIFF window number:         40
VCDIFF window indicator:      VCD_SOURCE VCD_ADLER32 
VCDIFF adler32 checksum:      654C6C55
VCDIFF window at offset:      335544320
VCDIFF copy window length:    41427696
VCDIFF copy window offset:    335593860
VCDIFF delta encoding length: 4202
VCDIFF target window length:  8388608
VCDIFF data section length:   0
VCDIFF inst section length:   2299
VCDIFF addr section length:   1889

VCDIFF window number:         41
VCDIFF window indicator:      VCD_SOURCE VCD_ADLER32 
VCDIFF adler32 checksum:      DC5BAD94
VCDIFF window at offset:      343932928
VCDIFF copy window length:    40914471
VCDIFF copy window offset:    339886625
VCDIFF delta encoding length: 66182
VCDIFF target window length:  8388608
VCDIFF data section length:   57586
VCDIFF inst section length:   4873
VCDIFF addr section length:   3707

VCDIFF window number:         42
VCDIFF window indicator:      VCD_SOURCE VCD_ADLER32 
VCDIFF adler32 checksum:      BAABB1E2
VCDIFF window at offset:      352321536
VCDIFF copy window length:    39814545
VCDIFF copy window offset:    352393012
VCDIFF delta encoding length: 2877118
VCDIFF target window length:  8388608
VCDIFF data section length:   2816134
VCDIFF inst section length:   36345
VCDIFF addr section length:   24620

VCDIFF window number:         43
VCDIFF window indicator:      VCD_SOURCE VCD_ADLER32 
VCDIFF adler32 checksum:      EA159776
VCDIFF window at offset:      360710144
VCDIFF copy window length:    37752636
VCDIFF copy window offset:    360759124
VCDIFF delta encoding length: 723
VCDIFF target window length:  8388608
VCDIFF data section length:   0
VCDIFF inst section length:   372
VCDIFF addr section length:   337

VCDIFF window number:         44
VCDIFF window indicator:      VCD_SOURCE VCD_ADLER32 
VCDIFF adler32 checksum:      AF5E8943
VCDIFF window at offset:      369098752
VCDIFF copy window length:    34787319
VCDIFF copy window offset:    363724435
VCDIFF delta encoding length: 274
VCDIFF target window length:  8388608
VCDIFF data section length:   0
VCDIFF inst section length:   140
VCDIFF addr section length:   121

VCDIFF window number:         45
VCDIFF window indicator:      VCD_SOURCE VCD_ADLER32 
VCDIFF adler32 checksum:      1C47D46D
VCDIFF window at offset:      377487360
VCDIFF copy window length:    54038798
VCDIFF copy window offset:    364149604
VCDIFF delta encoding length: 274
VCDIFF target window length:  8388608
VCDIFF data section length:   0
VCDIFF inst section length:   140
VCDIFF addr section length:   121

VCDIFF window number:         46
VCDIFF window indicator:      VCD_SOURCE VCD_ADLER32 
VCDIFF adler32 checksum:      15BF4ABD
VCDIFF window at offset:      385875968
VCDIFF copy window length:    70253817
VCDIFF copy window offset:    356551151
VCDIFF delta encoding length: 75037
VCDIFF target window length:  8388608
VCDIFF data section length:   66852
VCDIFF inst section length:   4490
VCDIFF addr section length:   3679

VCDIFF window number:         47
VCDIFF window indicator:      VCD_SOURCE VCD_ADLER32 
VCDIFF adler32 checksum:      5EF09264
VCDIFF window at offset:      394264576
VCDIFF copy window length:    42672929
VCDIFF copy window offset:    393378235
VCDIFF delta encoding length: 1747
VCDIFF target window length:  8388608
VCDIFF data section length:   10
VCDIFF inst section length:   902
VCDIFF addr section length:   821

VCDIFF window number:         48
VCDIFF window indicator:      VCD_SOURCE VCD_ADLER32 
VCDIFF adler32 checksum:      6262A395
VCDIFF window at offset:      402653184
VCDIFF copy window length:    50680217
VCDIFF copy window offset:    393566107
VCDIFF delta encoding length: 1726
VCDIFF target window length:  8388608
VCDIFF data section length:   0
VCDIFF inst section length:   904
VCDIFF addr section length:   808

VCDIFF window number:         49
VCDIFF window indicator:      VCD_SOURCE VCD_ADLER32 
VCDIFF adler32 checksum:      EA71A122
VCDIFF window at offset:      411041792
VCDIFF copy window length:    67012002
VCDIFF copy window offset:    385972507
VCDIFF delta encoding length: 1071844
VCDIFF target window length:  8388608
VCDIFF data section length:   867892
VCDIFF inst section length:   90612
VCDIFF addr section length:   113322

VCDIFF window number:         50
VCDIFF window indicator:      VCD_SOURCE VCD_ADLER32 
VCDIFF adler32 checksum:      ACE4558A
VCDIFF window at offset:      419430400
VCDIFF copy window length:    66852681
VCDIFF copy window offset:    390323527
VCDIFF delta encoding length: 2785199
VCDIFF target window length:  8388608
VCDIFF data section length:   2253201
VCDIFF inst section length:   234312
VCDIFF addr section length:   297667

VCDIFF window number:         51
VCDIFF window indicator:      VCD_SOURCE VCD_ADLER32 
VCDIFF adler32 checksum:      89EC1B6B
VCDIFF window at offset:      427819008
VCDIFF copy window length:    66010702
VCDIFF copy window offset:    397459796
VCDIFF delta encoding length: 2271138
VCDIFF target window length:  8388608
VCDIFF data section length:   1837895
VCDIFF inst section length:   193241
VCDIFF addr section length:   239984

VCDIFF window number:         52
VCDIFF window indicator:      VCD_SOURCE VCD_ADLER32 
VCDIFF adler32 checksum:      3C6DDB02
VCDIFF window at offset:      436207616
VCDIFF copy window length:    68521355
VCDIFF copy window offset:    407532071
VCDIFF delta encoding length: 1364670
VCDIFF target window length:  8388608
VCDIFF data section length:   1103259
VCDIFF inst section length:   113281
VCDIFF addr section length:   148112

VCDIFF window number:         53
VCDIFF window indicator:      VCD_SOURCE VCD_ADLER32 
VCDIFF adler32 checksum:      2C285AD4
VCDIFF window at offset:      444596224
VCDIFF copy window length:    70909073
VCDIFF copy window offset:    415624225
VCDIFF delta encoding length: 687698
VCDIFF target window length:  8388608
VCDIFF data section length:   555458
VCDIFF inst section length:   57246
VCDIFF addr section length:   74976

VCDIFF window number:         54
VCDIFF window indicator:      VCD_SOURCE VCD_ADLER32 
VCDIFF adler32 checksum:      C629D79A
VCDIFF window at offset:      452984832
VCDIFF copy window length:    73319551
VCDIFF copy window offset:    421534293
VCDIFF delta encoding length: 834363
VCDIFF target window length:  8388608
VCDIFF data section length:   676083
VCDIFF inst section length:   68860
VCDIFF addr section length:   89402

VCDIFF window number:         55
VCDIFF window indicator:      VCD_SOURCE VCD_ADLER32 
VCDIFF adler32 checksum:      580A11BC
VCDIFF window at offset:      461373440
VCDIFF copy window length:    66973355
VCDIFF copy window offset:    432076447
VCDIFF delta encoding length: 1326946
VCDIFF target window length:  8388608
VCDIFF data section length:   1062141
VCDIFF inst section length:   114152
VCDIFF addr section length:   150635

VCDIFF window number:         56
VCDIFF window indicator:      VCD_SOURCE VCD_ADLER32 
VCDIFF adler32 checksum:      93B52958
VCDIFF window at offset:      469762048
VCDIFF copy window length:    67079383
VCDIFF copy window offset:    440407300
VCDIFF delta encoding length: 1909165
VCDIFF target window length:  8388608
VCDIFF data section length:   1533259
VCDIFF inst section length:   162103
VCDIFF addr section length:   213785

VCDIFF window number:         57
VCDIFF window indicator:      VCD_SOURCE VCD_ADLER32 
VCDIFF adler32 checksum:      E3D33854
VCDIFF window at offset:      478150656
VCDIFF copy window length:    67095194
VCDIFF copy window offset:    446695040
VCDIFF delta encoding length: 2598779
VCDIFF target window length:  8388608
VCDIFF data section length:   2072013
VCDIFF inst section length:   228318
VCDIFF addr section length:   298430

VCDIFF window number:         58
VCDIFF window indicator:      VCD_SOURCE VCD_ADLER32 
VCDIFF adler32 checksum:      4CF68D86
VCDIFF window at offset:      486539264
VCDIFF copy window length:    67052258
VCDIFF copy window offset:    455107798
VCDIFF delta encoding length: 2236913
VCDIFF target window length:  8388608
VCDIFF data section length:   1769894
VCDIFF inst section length:   204784
VCDIFF addr section length:   262217

VCDIFF window number:         59
VCDIFF window indicator:      VCD_SOURCE VCD_ADLER32 
VCDIFF adler32 checksum:      5EDF6B46
VCDIFF window at offset:      494927872
VCDIFF copy window length:    38866100
VCDIFF copy window offset:    494853732
VCDIFF delta encoding length: 1090
VCDIFF target window length:  8388608
VCDIFF data section length:   0
VCDIFF inst section length:   561
VCDIFF addr section length:   515

VCDIFF window number:         60
VCDIFF window indicator:      VCD_SOURCE VCD_ADLER32 
VCDIFF adler32 checksum:      6D245145
VCDIFF window at offset:      503316480
VCDIFF copy window length:    52434338
VCDIFF copy window offset:    494785480
VCDIFF delta encoding length: 1115
VCDIFF target window length:  8388608
VCDIFF data section length:   0
VCDIFF inst section length:   572
VCDIFF addr section length:   529

VCDIFF window number:         61
VCDIFF window indicator:      VCD_SOURCE VCD_ADLER32 
VCDIFF adler32 checksum:      25527147
VCDIFF window at offset:      511705088
VCDIFF copy window length:    54944540
VCDIFF copy window offset:    494739366
VCDIFF delta encoding length: 1088
VCDIFF target window length:  8388608
VCDIFF data section length:   0
VCDIFF inst section length:   562
VCDIFF addr section length:   512

VCDIFF window number:         62
VCDIFF window indicator:      VCD_SOURCE VCD_ADLER32 
VCDIFF adler32 checksum:      281D2A41
VCDIFF window at offset:      520093696
VCDIFF copy window length:    58387731
VCDIFF copy window offset:    505285579
VCDIFF delta encoding length: 1835
VCDIFF target window length:  8388608
VCDIFF data section length:   0
VCDIFF inst section length:   899
VCDIFF addr section length:   922

VCDIFF window number:         63
VCDIFF window indicator:      VCD_SOURCE VCD_ADLER32 
VCDIFF adler32 checksum:      90E4D64A
VCDIFF window at offset:      528482304
VCDIFF copy window length:    71101419
VCDIFF copy window offset:    501419731
VCDIFF delta encoding length: 717965
VCDIFF target window length:  8388608
VCDIFF data section length:   451650
VCDIFF inst section length:   108487
VCDIFF addr section length:   157810

VCDIFF window number:         64
VCDIFF window indicator:      VCD_SOURCE VCD_ADLER32 
VCDIFF adler32 checksum:      507B982D
VCDIFF window at offset:      536870912
VCDIFF copy window length:    67092177
VCDIFF copy window offset:    505430033
VCDIFF delta encoding length: 2114929
VCDIFF target window length:  8388608
VCDIFF data section length:   1428448
VCDIFF inst section length:   283131
VCDIFF addr section length:   403332

VCDIFF window number:         65
VCDIFF window indicator:      VCD_SOURCE VCD_ADLER32 
VCDIFF adler32 checksum:      2BB3AA60
VCDIFF window at offset:      545259520
VCDIFF copy window length:    66720759
VCDIFF copy window offset:    514149611
VCDIFF delta encoding length: 2245788
VCDIFF target window length:  8388608
VCDIFF data section length:   1590800
VCDIFF inst section length:   269920
VCDIFF addr section length:   385050

VCDIFF window number:         66
VCDIFF window indicator:      VCD_SOURCE VCD_ADLER32 
VCDIFF adler32 checksum:      55A1154F
VCDIFF window at offset:      553648128
VCDIFF copy window length:    66904132
VCDIFF copy window offset:    522388391
VCDIFF delta encoding length: 1697231
VCDIFF target window length:  8388608
VCDIFF data section length:   1209180
VCDIFF inst section length:   202321
VCDIFF addr section length:   285712

VCDIFF window number:         67
VCDIFF window indicator:      VCD_SOURCE VCD_ADLER32 
VCDIFF adler32 checksum:      FCFC50DE
VCDIFF window at offset:      562036736
VCDIFF copy window length:    71245521
VCDIFF copy window offset:    530592675
VCDIFF delta encoding length: 1025024
VCDIFF target window length:  8388608
VCDIFF data section length:   671848
VCDIFF inst section length:   143652
VCDIFF addr section length:   209506

VCDIFF window number:         68
VCDIFF window indicator:      VCD_SOURCE VCD_ADLER32 
VCDIFF adler32 checksum:      7B499F85
VCDIFF window at offset:      570425344
VCDIFF copy window length:    66589493
VCDIFF copy window offset:    539484908
VCDIFF delta encoding length: 1273004
VCDIFF target window length:  8388608
VCDIFF data section length:   924859
VCDIFF inst section length:   145046
VCDIFF addr section length:   203081

VCDIFF window number:         69
VCDIFF window indicator:      VCD_SOURCE VCD_ADLER32 
VCDIFF adler32 checksum:      858A0EED
VCDIFF window at offset:      578813952
VCDIFF copy window length:    69117049
VCDIFF copy window offset:    547397595
VCDIFF delta encoding length: 903000
VCDIFF target window length:  8388608
VCDIFF data section length:   631867
VCDIFF inst section length:   111322
VCDIFF addr section length:   159793

VCDIFF window number:         70
VCDIFF window indicator:      VCD_SOURCE VCD_ADLER32 
VCDIFF adler32 checksum:      724EE898
VCDIFF window at offset:      587202560
VCDIFF copy window length:    67079708
VCDIFF copy window offset:    557871391
VCDIFF delta encoding length: 709831
VCDIFF target window length:  8388608
VCDIFF data section length:   455107
VCDIFF inst section length:   102223
VCDIFF addr section length:   152483

VCDIFF window number:         71
VCDIFF window indicator:      VCD_SOURCE VCD_ADLER32 
VCDIFF adler32 checksum:      F61535D5
VCDIFF window at offset:      595591168
VCDIFF copy window length:    67067308
VCDIFF copy window offset:    566271773
VCDIFF delta encoding length: 1200452
VCDIFF target window length:  8388608
VCDIFF data section length:   774916
VCDIFF inst section length:   168350
VCDIFF addr section length:   257168

VCDIFF window number:         72
VCDIFF window indicator:      VCD_SOURCE VCD_ADLER32 
VCDIFF adler32 checksum:      FDC114E9
VCDIFF window at offset:      603979776
VCDIFF copy window length:    67017394
VCDIFF copy window offset:    574708996
VCDIFF delta encoding length: 926554
VCDIFF target window length:  8388608
VCDIFF data section length:   542632
VCDIFF inst section length:   150410
VCDIFF addr section length:   233494

VCDIFF window number:         73
VCDIFF window indicator:      VCD_SOURCE VCD_ADLER32 
VCDIFF adler32 checksum:      80EE8908
VCDIFF window at offset:      612368384
VCDIFF copy window length:    67106361
VCDIFF copy window offset:    583008394
VCDIFF delta encoding length: 1391401
VCDIFF target window length:  8388608
VCDIFF data section length:   829453
VCDIFF inst section length:   221544
VCDIFF addr section length:   340386

VCDIFF window number:         74
VCDIFF window indicator:      VCD_SOURCE VCD_ADLER32 
VCDIFF adler32 checksum:      7C0E40B8
VCDIFF window at offset:      620756992
VCDIFF copy window length:    67062432
VCDIFF copy window offset:    591411388
VCDIFF delta encoding length: 1645376
VCDIFF target window length:  8388608
VCDIFF data section length:   1003128
VCDIFF inst section length:   254740
VCDIFF addr section length:   387490

VCDIFF window number:         75
VCDIFF window indicator:      VCD_SOURCE VCD_ADLER32 
VCDIFF adler32 checksum:      F9071448
VCDIFF window at offset:      629145600
VCDIFF copy window length:    67093828
VCDIFF copy window offset:    599797257
VCDIFF delta encoding length: 1906815
VCDIFF target window length:  8388608
VCDIFF data section length:   1201896
VCDIFF inst section length:   283732
VCDIFF addr section length:   421169

VCDIFF window number:         76
VCDIFF window indicator:      VCD_SOURCE VCD_ADLER32 
VCDIFF adler32 checksum:      18B81495
VCDIFF window at offset:      637534208
VCDIFF copy window length:    66956432
VCDIFF copy window offset:    606229097
VCDIFF delta encoding length: 2550044
VCDIFF target window length:  8388608
VCDIFF data section length:   1538564
VCDIFF inst section length:   428281
VCDIFF addr section length:   583181

VCDIFF window number:         77
VCDIFF window indicator:      VCD_SOURCE VCD_ADLER32 
VCDIFF adler32 checksum:      C77CBC70
VCDIFF window at offset:      645922816
VCDIFF copy window length:    66698041
VCDIFF copy window offset:    614875915
VCDIFF delta encoding length: 2230096
VCDIFF target window length:  8388608
VCDIFF data section length:   1319777
VCDIFF inst section length:   386655
VCDIFF addr section length:   523646

VCDIFF window number:         78
VCDIFF window indicator:      VCD_SOURCE VCD_ADLER32 
VCDIFF adler32 checksum:      B16E3EBA
VCDIFF window at offset:      654311424
VCDIFF copy window length:    67090557
VCDIFF copy window offset:    622871360
VCDIFF delta encoding length: 2219715
VCDIFF target window length:  8388608
VCDIFF data section length:   1375912
VCDIFF inst section length:   359606
VCDIFF addr section length:   484179

VCDIFF window number:         79
VCDIFF window indicator:      VCD_SOURCE VCD_ADLER32 
VCDIFF adler32 checksum:      ABF500B4
VCDIFF window at offset:      662700032
VCDIFF copy window length:    67096124
VCDIFF copy window offset:    633351556
VCDIFF delta encoding length: 1765773
VCDIFF target window length:  8388608
VCDIFF data section length:   1020499
VCDIFF inst section length:   314134
VCDIFF addr section length:   431122

VCDIFF window number:         80
VCDIFF window indicator:      VCD_SOURCE VCD_ADLER32 
VCDIFF adler32 checksum:      E9D97B95
VCDIFF window at offset:      671088640
VCDIFF copy window length:    67046200
VCDIFF copy window offset:    641789643
VCDIFF delta encoding length: 2212119
VCDIFF target window length:  8388608
VCDIFF data section length:   1355773
VCDIFF inst section length:   367371
VCDIFF addr section length:   488957

VCDIFF window number:         81
VCDIFF window indicator:      VCD_SOURCE VCD_ADLER32 
VCDIFF adler32 checksum:      F256F067
VCDIFF window at offset:      679477248
VCDIFF copy window length:    67038625
VCDIFF copy window offset:    650157472
VCDIFF delta encoding length: 1866873
VCDIFF target window length:  8388608
VCDIFF data section length:   1088339
VCDIFF inst section length:   329047
VCDIFF addr section length:   449469

VCDIFF window number:         82
VCDIFF window indicator:      VCD_SOURCE VCD_ADLER32 
VCDIFF adler32 checksum:      332C95C2
VCDIFF window at offset:      687865856
VCDIFF copy window length:    66389762
VCDIFF copy window offset:    659221019
VCDIFF delta encoding length: 2149104
VCDIFF target window length:  8388608
VCDIFF data section length:   1269521
VCDIFF inst section length:   375243
VCDIFF addr section length:   504322

VCDIFF window number:         83
VCDIFF window indicator:      VCD_SOURCE VCD_ADLER32 
VCDIFF adler32 checksum:      C90FA70C
VCDIFF window at offset:      696254464
VCDIFF copy window length:    66211255
VCDIFF copy window offset:    665694484
VCDIFF delta encoding length: 2373134
VCDIFF target window length:  8388608
VCDIFF data section length:   1488596
VCDIFF inst section length:   376633
VCDIFF addr section length:   507887

VCDIFF window number:         84
VCDIFF window indicator:      VCD_SOURCE VCD_ADLER32 
VCDIFF adler32 checksum:      3C10CC7B
VCDIFF window at offset:      704643072
VCDIFF copy window length:    66397756
VCDIFF copy window offset:    673895331
VCDIFF delta encoding length: 2357263
VCDIFF target window length:  8388608
VCDIFF data section length:   1450948
VCDIFF inst section length:   385832
VCDIFF addr section length:   520465

VCDIFF window number:         85
VCDIFF window indicator:      VCD_SOURCE VCD_ADLER32 
VCDIFF adler32 checksum:      3AE84579
VCDIFF window at offset:      713031680
VCDIFF copy window length:    67033324
VCDIFF copy window offset:    683697660
VCDIFF delta encoding length: 1983999
VCDIFF target window length:  8388608
VCDIFF data section length:   1172590
VCDIFF inst section length:   345133
VCDIFF addr section length:   466258

VCDIFF window number:         86
VCDIFF window indicator:      VCD_SOURCE VCD_ADLER32 
VCDIFF adler32 checksum:      B3CC674F
VCDIFF window at offset:      721420288
VCDIFF copy window length:    67093495
VCDIFF copy window offset:    689964383
VCDIFF delta encoding length: 1927179
VCDIFF target window length:  8388608
VCDIFF data section length:   1152444
VCDIFF inst section length:   331880
VCDIFF addr section length:   442837

VCDIFF window number:         87
VCDIFF window indicator:      VCD_SOURCE VCD_ADLER32 
VCDIFF adler32 checksum:      6D9BB2CB
VCDIFF window at offset:      729808896
VCDIFF copy window length:    67074509
VCDIFF copy window offset:    698362523
VCDIFF delta encoding length: 1929323
VCDIFF target window length:  8388608
VCDIFF data section length:   1214690
VCDIFF inst section length:   304019
VCDIFF addr section length:   410596

VCDIFF window number:         88
VCDIFF window indicator:      VCD_SOURCE VCD_ADLER32 
VCDIFF adler32 checksum:      9652ED50
VCDIFF window at offset:      738197504
VCDIFF copy window length:    67072587
VCDIFF copy window offset:    706772641
VCDIFF delta encoding length: 2051449
VCDIFF target window length:  8388608
VCDIFF data section length:   1220660
VCDIFF inst section length:   354141
VCDIFF addr section length:   476630

VCDIFF window number:         89
VCDIFF window indicator:      VCD_SOURCE VCD_ADLER32 
VCDIFF adler32 checksum:      A928294B
VCDIFF window at offset:      746586112
VCDIFF copy window length:    66973247
VCDIFF copy window offset:    715263059
VCDIFF delta encoding length: 2145200
VCDIFF target window length:  8388608
VCDIFF data section length:   1258554
VCDIFF inst section length:   374502
VCDIFF addr section length:   512126

VCDIFF window number:         90
VCDIFF window indicator:      VCD_SOURCE VCD_ADLER32 
VCDIFF adler32 checksum:      D4B9FC16
VCDIFF window at offset:      754974720
VCDIFF copy window length:    66422437
VCDIFF copy window offset:    724203427
VCDIFF delta encoding length: 1961034
VCDIFF target window length:  8388608
VCDIFF data section length:   1190799
VCDIFF inst section length:   327525
VCDIFF addr section length:   442692

VCDIFF window number:         91
VCDIFF window indicator:      VCD_SOURCE VCD_ADLER32 
VCDIFF adler32 checksum:      309B288B
VCDIFF window at offset:      763363328
VCDIFF copy window length:    67036132
VCDIFF copy window offset:    731961019
VCDIFF delta encoding length: 1940186
VCDIFF target window length:  8388608
VCDIFF data section length:   1178670
VCDIFF inst section length:   322902
VCDIFF addr section length:   438596

VCDIFF window number:         92
VCDIFF window indicator:      VCD_SOURCE VCD_ADLER32 
VCDIFF adler32 checksum:      B293A186
VCDIFF window at offset:      771751936
VCDIFF copy window length:    67093718
VCDIFF copy window offset:    740295070
VCDIFF delta encoding length: 2002239
VCDIFF target window length:  8388608
VCDIFF data section length:   1174291
VCDIFF inst section length:   348232
VCDIFF addr section length:   479698

VCDIFF window number:         93
VCDIFF window indicator:      VCD_SOURCE VCD_ADLER32 
VCDIFF adler32 checksum:      82DE8CEF
VCDIFF window at offset:      780140544
VCDIFF copy window length:    66955384
VCDIFF copy window offset:    750844179
VCDIFF delta encoding length: 2185587
VCDIFF target window length:  8388608
VCDIFF data section length:   1286432
VCDIFF inst section length:   374201
VCDIFF addr section length:   524936

VCDIFF window number:         94
VCDIFF window indicator:      VCD_SOURCE VCD_ADLER32 
VCDIFF adler32 checksum:      E36106F5
VCDIFF window at offset:      788529152
VCDIFF copy window length:    66674367
VCDIFF copy window offset:    759602621
VCDIFF delta encoding length: 1850271
VCDIFF target window length:  8388608
VCDIFF data section length:   1111826
VCDIFF inst section length:   314170
VCDIFF addr section length:   424257

VCDIFF window number:         95
VCDIFF window indicator:      VCD_SOURCE VCD_ADLER32 
VCDIFF adler32 checksum:      D3A8D7EF
VCDIFF window at offset:      796917760
VCDIFF copy window length:    66967555
VCDIFF copy window offset:    765547439
VCDIFF delta encoding length: 2179229
VCDIFF target window length:  8388608
VCDIFF data section length:   1317009
VCDIFF inst section length:   364969
VCDIFF addr section length:   497233

VCDIFF window number:         96
VCDIFF window indicator:      VCD_SOURCE VCD_ADLER32 
VCDIFF adler32 checksum:      DB7D42B4
VCDIFF window at offset:      805306368
VCDIFF copy window length:    67080624
VCDIFF copy window offset:    773877154
VCDIFF delta encoding length: 2673582
VCDIFF target window length:  8388608
VCDIFF data section length:   1701789
VCDIFF inst section length:   413707
VCDIFF addr section length:   558068

VCDIFF window number:         97
VCDIFF window indicator:      VCD_SOURCE VCD_ADLER32 
VCDIFF adler32 checksum:      845289FE
VCDIFF window at offset:      813694976
VCDIFF copy window length:    67023396
VCDIFF copy window offset:    784420307
VCDIFF delta encoding length: 2255367
VCDIFF target window length:  8388608
VCDIFF data section length:   1319986
VCDIFF inst section length:   393652
VCDIFF addr section length:   541711

VCDIFF window number:         98
VCDIFF window indicator:      VCD_SOURCE VCD_ADLER32 
VCDIFF adler32 checksum:      7767F347
VCDIFF window at offset:      822083584
VCDIFF copy window length:    66413055
VCDIFF copy window offset:    793418661
VCDIFF delta encoding length: 2160349
VCDIFF target window length:  8388608
VCDIFF data section length:   1293555
VCDIFF inst section length:   367960
VCDIFF addr section length:   498816

VCDIFF window number:         99
VCDIFF window indicator:      VCD_SOURCE VCD_ADLER32 
VCDIFF adler32 checksum:      A8A8FEE3
VCDIFF window at offset:      830472192
VCDIFF copy window length:    67018853
VCDIFF copy window offset:    799074327
VCDIFF delta encoding length: 2356665
VCDIFF target window length:  8388608
VCDIFF data section length:   1421001
VCDIFF inst section length:   399674
VCDIFF addr section length:   535972

VCDIFF window number:         100
VCDIFF window indicator:      VCD_SOURCE VCD_ADLER32 
VCDIFF adler32 checksum:      884D64C4
VCDIFF window at offset:      838860800
VCDIFF copy window length:    67076951
VCDIFF copy window offset:    807419809
VCDIFF delta encoding length: 2462056
VCDIFF target window length:  8388608
VCDIFF data section length:   1487909
VCDIFF inst section length:   413468
VCDIFF addr section length:   560661

VCDIFF window number:         101
VCDIFF window indicator:      VCD_SOURCE VCD_ADLER32 
VCDIFF adler32 checksum:      0AB56B4B
VCDIFF window at offset:      847249408
VCDIFF copy window length:    64430012
VCDIFF copy window offset:    818438866
VCDIFF delta encoding length: 2638145
VCDIFF target window length:  8388608
VCDIFF data section length:   1591620
VCDIFF inst section length:   442098
VCDIFF addr section length:   604409

VCDIFF window number:         102
VCDIFF window indicator:      VCD_SOURCE VCD_ADLER32 
VCDIFF adler32 checksum:      80F46BE0
VCDIFF window at offset:      855638016
VCDIFF copy window length:    67094851
VCDIFF copy window offset:    824191051
VCDIFF delta encoding length: 2278339
VCDIFF target window length:  8388608
VCDIFF data section length:   1346181
VCDIFF inst section length:   391645
VCDIFF addr section length:   540495

VCDIFF window number:         103
VCDIFF window indicator:      VCD_SOURCE VCD_ADLER32 
VCDIFF adler32 checksum:      AF2FD11B
VCDIFF window at offset:      864026624
VCDIFF copy window length:    67079425
VCDIFF copy window offset:    834677515
VCDIFF delta encoding length: 1992861
VCDIFF target window length:  8388608
VCDIFF data section length:   1169970
VCDIFF inst section length:   347591
VCDIFF addr section length:   475282

VCDIFF window number:         104
VCDIFF window indicator:      VCD_SOURCE VCD_ADLER32 
VCDIFF adler32 checksum:      BB1A3848
VCDIFF window at offset:      872415232
VCDIFF copy window length:    67095367
VCDIFF copy window offset:    843066151
VCDIFF delta encoding length: 2078882
VCDIFF target window length:  8388608
VCDIFF data section length:   1216098
VCDIFF inst section length:   365674
VCDIFF addr section length:   497092

VCDIFF window number:         105
VCDIFF window indicator:      VCD_SOURCE VCD_ADLER32 
VCDIFF adler32 checksum:      21132D49
VCDIFF window at offset:      880803840
VCDIFF copy window length:    67043218
VCDIFF copy window offset:    851506876
VCDIFF delta encoding length: 2114514
VCDIFF target window length:  8388608
VCDIFF data section length:   1211573
VCDIFF inst section length:   379542
VCDIFF addr section length:   523381

VCDIFF window number:         106
VCDIFF window indicator:      VCD_SOURCE VCD_ADLER32 
VCDIFF adler32 checksum:      0BF93567
VCDIFF window at offset:      889192448
VCDIFF copy window length:    67044093
VCDIFF copy window offset:    857740671
VCDIFF delta encoding length: 2184670
VCDIFF target window length:  8388608
VCDIFF data section length:   1243515
VCDIFF inst section length:   394824
VCDIFF addr section length:   546313

VCDIFF window number:         107
VCDIFF window indicator:      VCD_SOURCE VCD_ADLER32 
VCDIFF adler32 checksum:      1AC390D4
VCDIFF window at offset:      897581056
VCDIFF copy window length:    67640460
VCDIFF copy window offset:    867654304
VCDIFF delta encoding length: 2167953
VCDIFF target window length:  8388608
VCDIFF data section length:   1230257
VCDIFF inst section length:   394551
VCDIFF addr section length:   543127

VCDIFF window number:         108
VCDIFF window indicator:      VCD_SOURCE VCD_ADLER32 
VCDIFF adler32 checksum:      3B655CCB
VCDIFF window at offset:      905969664
VCDIFF copy window length:    68743728
VCDIFF copy window offset:    874970460
VCDIFF delta encoding length: 2392830
VCDIFF target window length:  8388608
VCDIFF data section length:   1368633
VCDIFF inst section length:   432218
VCDIFF addr section length:   591961

VCDIFF window number:         109
VCDIFF window indicator:      VCD_SOURCE VCD_ADLER32 
VCDIFF adler32 checksum:      CCC12E9D
VCDIFF window at offset:      914358272
VCDIFF copy window length:    67010278
VCDIFF copy window offset:    882951738
VCDIFF delta encoding length: 3383620
VCDIFF target window length:  8388608
VCDIFF data section length:   2330230
VCDIFF inst section length:   466287
VCDIFF addr section length:   587084

VCDIFF window number:         110
VCDIFF window indicator:      VCD_SOURCE VCD_ADLER32 
VCDIFF adler32 checksum:      596A50B8
VCDIFF window at offset:      922746880
VCDIFF copy window length:    67034101
VCDIFF copy window offset:    891359636
VCDIFF delta encoding length: 3870420
VCDIFF target window length:  8388608
VCDIFF data section length:   2949903
VCDIFF inst section length:   409387
VCDIFF addr section length:   511111

VCDIFF window number:         111
VCDIFF window indicator:      VCD_SOURCE VCD_ADLER32 
VCDIFF adler32 checksum:      0787D69B
VCDIFF window at offset:      931135488
VCDIFF copy window length:    64717912
VCDIFF copy window offset:    904163103
VCDIFF delta encoding length: 3663638
VCDIFF target window length:  8388608
VCDIFF data section length:   2809391
VCDIFF inst section length:   372197
VCDIFF addr section length:   482031

VCDIFF window number:         112
VCDIFF window indicator:      VCD_SOURCE VCD_ADLER32 
VCDIFF adler32 checksum:      E2845540
VCDIFF window at offset:      939524096
VCDIFF copy window length:    66141830
VCDIFF copy window offset:    909032977
VCDIFF delta encoding length: 3360020
VCDIFF target window length:  8388608
VCDIFF data section length:   2585431
VCDIFF inst section length:   340951
VCDIFF addr section length:   433619

VCDIFF window number:         113
VCDIFF window indicator:      VCD_SOURCE VCD_ADLER32 
VCDIFF adler32 checksum:      66CDAF9F
VCDIFF window at offset:      947912704
VCDIFF copy window length:    66668646
VCDIFF copy window offset:    916895306
VCDIFF delta encoding length: 2475478
VCDIFF target window length:  8388608
VCDIFF data section length:   1873941
VCDIFF inst section length:   263481
VCDIFF addr section length:   338038

VCDIFF window number:         114
VCDIFF window indicator:      VCD_SOURCE VCD_ADLER32 
VCDIFF adler32 checksum:      5B9AA756
VCDIFF window at offset:      956301312
VCDIFF copy window length:    67099787
VCDIFF copy window offset:    924850263
VCDIFF delta encoding length: 3005862
VCDIFF target window length:  8388608
VCDIFF data section length:   2300422
VCDIFF inst section length:   308114
VCDIFF addr section length:   397307

VCDIFF window number:         115
VCDIFF window indicator:      VCD_SOURCE VCD_ADLER32 
VCDIFF adler32 checksum:      E2E466B6
VCDIFF window at offset:      964689920
VCDIFF copy window length:    67095570
VCDIFF copy window offset:    935343045
VCDIFF delta encoding length: 2930333
VCDIFF target window length:  8388608
VCDIFF data section length:   2252004
VCDIFF inst section length:   293424
VCDIFF addr section length:   384886

VCDIFF window number:         116
VCDIFF window indicator:      VCD_SOURCE VCD_ADLER32 
VCDIFF adler32 checksum:      6A28C249
VCDIFF window at offset:      973078528
VCDIFF copy window length:    67056947
VCDIFF copy window offset:    941671381
VCDIFF delta encoding length: 3520379
VCDIFF target window length:  8388608
VCDIFF data section length:   2708770
VCDIFF inst section length:   356556
VCDIFF addr section length:   455034

VCDIFF window number:         117
VCDIFF window indicator:      VCD_SOURCE VCD_ADLER32 
VCDIFF adler32 checksum:      4B0610B6
VCDIFF window at offset:      981467136
VCDIFF copy window length:    67096052
VCDIFF copy window offset:    950018625
VCDIFF delta encoding length: 2877806
VCDIFF target window length:  8388608
VCDIFF data section length:   2187394
VCDIFF inst section length:   306213
VCDIFF addr section length:   384180

VCDIFF window number:         118
VCDIFF window indicator:      VCD_SOURCE VCD_ADLER32 
VCDIFF adler32 checksum:      15EAE452
VCDIFF window at offset:      989855744
VCDIFF copy window length:    67040483
VCDIFF copy window offset:    960563497
VCDIFF delta encoding length: 3059828
VCDIFF target window length:  8388608
VCDIFF data section length:   2338072
VCDIFF inst section length:   312622
VCDIFF addr section length:   409115

VCDIFF window number:         119
VCDIFF window indicator:      VCD_SOURCE VCD_ADLER32 
VCDIFF adler32 checksum:      B7B57EB3
VCDIFF window at offset:      998244352
VCDIFF copy window length:    67039428
VCDIFF copy window offset:    966856490
VCDIFF delta encoding length: 3304300
VCDIFF target window length:  8388608
VCDIFF data section length:   2465803
VCDIFF inst section length:   363538
VCDIFF addr section length:   474940

VCDIFF window number:         120
VCDIFF window indicator:      VCD_SOURCE VCD_ADLER32 
VCDIFF adler32 checksum:      34688C75
VCDIFF window at offset:      1006632960
VCDIFF copy window length:    67100596
VCDIFF copy window offset:    975182450
VCDIFF delta encoding length: 2890269
VCDIFF target window length:  8388608
VCDIFF data section length:   2172327
VCDIFF inst section length:   315698
VCDIFF addr section length:   402225

VCDIFF window number:         121
VCDIFF window indicator:      VCD_SOURCE VCD_ADLER32 
VCDIFF adler32 checksum:      4F04EFB6
VCDIFF window at offset:      1015021568
VCDIFF copy window length:    67106774
VCDIFF copy window offset:    983565345
VCDIFF delta encoding length: 3332737
VCDIFF target window length:  8388608
VCDIFF data section length:   2505579
VCDIFF inst section length:   360050
VCDIFF addr section length:   467089

VCDIFF window number:         122
VCDIFF window indicator:      VCD_SOURCE VCD_ADLER32 
VCDIFF adler32 checksum:      9330175F
VCDIFF window at offset:      1023410176
VCDIFF copy window length:    66759375
VCDIFF copy window offset:    992224377
VCDIFF delta encoding length: 3313677
VCDIFF target window length:  8388608
VCDIFF data section length:   2492344
VCDIFF inst section length:   352346
VCDIFF addr section length:   468968

VCDIFF window number:         123
VCDIFF window indicator:      VCD_SOURCE VCD_ADLER32 
VCDIFF adler32 checksum:      8D470D6C
VCDIFF window at offset:      1031798784
VCDIFF copy window length:    67053334
VCDIFF copy window offset:    1000384075
VCDIFF delta encoding length: 3257257
VCDIFF target window length:  8388608
VCDIFF data section length:   2484660
VCDIFF inst section length:   335604
VCDIFF addr section length:   436974

VCDIFF window number:         124
VCDIFF window indicator:      VCD_SOURCE VCD_ADLER32 
VCDIFF adler32 checksum:      BE139F69
VCDIFF window at offset:      1040187392
VCDIFF copy window length:    66976461
VCDIFF copy window offset:    1010834575
VCDIFF delta encoding length: 3746877
VCDIFF target window length:  8388608
VCDIFF data section length:   2845384
VCDIFF inst section length:   390475
VCDIFF addr section length:   510999

VCDIFF window number:         125
VCDIFF window indicator:      VCD_SOURCE VCD_ADLER32 
VCDIFF adler32 checksum:      7D91ABCB
VCDIFF window at offset:      1048576000
VCDIFF copy window length:    67056321
VCDIFF copy window offset:    1017145485
VCDIFF delta encoding length: 4250947
VCDIFF target window length:  8388608
VCDIFF data section length:   3206770
VCDIFF inst section length:   450466
VCDIFF addr section length:   593692

VCDIFF window number:         126
VCDIFF window indicator:      VCD_SOURCE VCD_ADLER32 
VCDIFF adler32 checksum:      3177603E
VCDIFF window at offset:      1056964608
VCDIFF copy window length:    75028939
VCDIFF copy window offset:    1025530119
VCDIFF delta encoding length: 95301
VCDIFF target window length:  8388608
VCDIFF data section length:   76357
VCDIFF inst section length:   8575
VCDIFF addr section length:   10353

VCDIFF window number:         127
VCDIFF window indicator:      VCD_SOURCE VCD_ADLER32 
VCDIFF adler32 checksum:      E32E650C
VCDIFF window at offset:      1065353216
VCDIFF copy window length:    66345803
VCDIFF copy window offset:    1041926925
VCDIFF delta encoding length: 3657
VCDIFF target window length:  8388608
VCDIFF data section length:   4
VCDIFF inst section length:   1723
VCDIFF addr section length:   1916

VCDIFF window number:         128
VCDIFF window indicator:      VCD_SOURCE VCD_ADLER32 
VCDIFF adler32 checksum:      C4EFC20D
VCDIFF window at offset:      1073741824
VCDIFF copy window length:    66515585
VCDIFF copy window offset:    1050405813
VCDIFF delta encoding length: 4964
VCDIFF target window length:  8388608
VCDIFF data section length:   10
VCDIFF inst section length:   2244
VCDIFF addr section length:   2696

VCDIFF window number:         129
VCDIFF window indicator:      VCD_SOURCE VCD_ADLER32 
VCDIFF adler32 checksum:      4C59D450
VCDIFF window at offset:      1082130432
VCDIFF copy window length:    71255921
VCDIFF copy window offset:    1054803109
VCDIFF delta encoding length: 2317
VCDIFF target window length:  8388608
VCDIFF data section length:   5
VCDIFF inst section length:   1069
VCDIFF addr section length:   1229

VCDIFF window number:         130
VCDIFF window indicator:      VCD_SOURCE VCD_ADLER32 
VCDIFF adler32 checksum:      908650BC
VCDIFF window at offset:      1090519040
VCDIFF copy window length:    42685386
VCDIFF copy window offset:    1085979804
VCDIFF delta encoding length: 404
VCDIFF target window length:  8388608
VCDIFF data section length:   0
VCDIFF inst section length:   208
VCDIFF addr section length:   182

VCDIFF window number:         131
VCDIFF window indicator:      VCD_SOURCE VCD_ADLER32 
VCDIFF adler32 checksum:      E49FE82A
VCDIFF window at offset:      1098907648
VCDIFF copy window length:    48578725
VCDIFF copy window offset:    1086428923
VCDIFF delta encoding length: 1827
VCDIFF target window length:  8388608
VCDIFF data section length:   0
VCDIFF inst section length:   965
VCDIFF addr section length:   848

VCDIFF window number:         132
VCDIFF window indicator:      VCD_SOURCE VCD_ADLER32 
VCDIFF adler32 checksum:      3AAC8A19
VCDIFF window at offset:      1107296256
VCDIFF copy window length:    64672121
VCDIFF copy window offset:    1086470114
VCDIFF delta encoding length: 163810
VCDIFF target window length:  8388608
VCDIFF data section length:   147695
VCDIFF inst section length:   8506
VCDIFF addr section length:   7593

VCDIFF window number:         133
VCDIFF window indicator:      VCD_SOURCE VCD_ADLER32 
VCDIFF adler32 checksum:      547A1DB1
VCDIFF window at offset:      1115684864
VCDIFF copy window length:    71347416
VCDIFF copy window offset:    1086759856
VCDIFF delta encoding length: 512090
VCDIFF target window length:  8388608
VCDIFF data section length:   458058
VCDIFF inst section length:   27705
VCDIFF addr section length:   26309

VCDIFF window number:         134
VCDIFF window indicator:      VCD_SOURCE VCD_ADLER32 
VCDIFF adler32 checksum:      3A5A9FCC
VCDIFF window at offset:      1124073472
VCDIFF copy window length:    38191691
VCDIFF copy window offset:    1124250435
VCDIFF delta encoding length: 627
VCDIFF target window length:  8388608
VCDIFF data section length:   0
VCDIFF inst section length:   348
VCDIFF addr section length:   265

VCDIFF window number:         135
VCDIFF window indicator:      VCD_SOURCE VCD_ADLER32 
VCDIFF adler32 checksum:      FA1C1BFE
VCDIFF window at offset:      1132462080
VCDIFF copy window length:    49339023
VCDIFF copy window offset:    1125560637
VCDIFF delta encoding length: 5649
VCDIFF target window length:  8388608
VCDIFF data section length:   2
VCDIFF inst section length:   2903
VCDIFF addr section length:   2730

VCDIFF window number:         136
VCDIFF window indicator:      VCD_SOURCE VCD_ADLER32 
VCDIFF adler32 checksum:      8B2D53E0
VCDIFF window at offset:      1140850688
VCDIFF copy window length:    65782445
VCDIFF copy window offset:    1114909667
VCDIFF delta encoding length: 226638
VCDIFF target window length:  8388608
VCDIFF data section length:   199199
VCDIFF inst section length:   13032
VCDIFF addr section length:   14391

VCDIFF window number:         137
VCDIFF window indicator:      VCD_SOURCE VCD_ADLER32 
VCDIFF adler32 checksum:      3B8C7CE4
VCDIFF window at offset:      1149239296
VCDIFF copy window length:    27674425
VCDIFF copy window offset:    1143827285
VCDIFF delta encoding length: 417
VCDIFF target window length:  8388608
VCDIFF data section length:   0
VCDIFF inst section length:   211
VCDIFF addr section length:   192

VCDIFF window number:         138
VCDIFF window indicator:      VCD_SOURCE VCD_ADLER32 
VCDIFF adler32 checksum:      60D79376
VCDIFF window at offset:      1157627904
VCDIFF copy window length:    66938820
VCDIFF copy window offset:    1134727231
VCDIFF delta encoding length: 264190
VCDIFF target window length:  8388608
VCDIFF data section length:   136647
VCDIFF inst section length:   50177
VCDIFF addr section length:   77348

VCDIFF window number:         139
VCDIFF window indicator:      VCD_SOURCE VCD_ADLER32 
VCDIFF adler32 checksum:      FAE15135
VCDIFF window at offset:      1166016512
VCDIFF copy window length:    73360431
VCDIFF copy window offset:    1134562359
VCDIFF delta encoding length: 181881
VCDIFF target window length:  8388608
VCDIFF data section length:   132822
VCDIFF inst section length:   22940
VCDIFF addr section length:   26101

VCDIFF window number:         140
VCDIFF window indicator:      VCD_SOURCE VCD_ADLER32 
VCDIFF adler32 checksum:      7DB01617
VCDIFF window at offset:      1174405120
VCDIFF copy window length:    52599347
VCDIFF copy window offset:    1158182604
VCDIFF delta encoding length: 7968
VCDIFF target window length:  8388608
VCDIFF data section length:   0
VCDIFF inst section length:   3633
VCDIFF addr section length:   4321

VCDIFF window number:         141
VCDIFF window indicator:      VCD_SOURCE VCD_ADLER32 
VCDIFF adler32 checksum:      D9300C3A
VCDIFF window at offset:      1182793728
VCDIFF copy window length:    68626637
VCDIFF copy window offset:    1158182604
VCDIFF delta encoding length: 15874
VCDIFF target window length:  8388608
VCDIFF data section length:   1
VCDIFF inst section length:   7400
VCDIFF addr section length:   8459

VCDIFF window number:         142
VCDIFF window indicator:      VCD_SOURCE VCD_ADLER32 
VCDIFF adler32 checksum:      2E3042AF
VCDIFF window at offset:      1191182336
VCDIFF copy window length:    70802812
VCDIFF copy window offset:    1160182312
VCDIFF delta encoding length: 82263
VCDIFF target window length:  8388608
VCDIFF data section length:   60502
VCDIFF inst section length:   10385
VCDIFF addr section length:   11360

VCDIFF window number:         143
VCDIFF window indicator:      VCD_SOURCE VCD_ADLER32 
VCDIFF adler32 checksum:      ECFFA734
VCDIFF window at offset:      1199570944
VCDIFF copy window length:    71200007
VCDIFF copy window offset:    1172351708
VCDIFF delta encoding length: 97585
VCDIFF target window length:  8388608
VCDIFF data section length:   86267
VCDIFF inst section length:   5908
VCDIFF addr section length:   5394

VCDIFF window number:         144
VCDIFF window indicator:      VCD_SOURCE VCD_ADLER32 
VCDIFF adler32 checksum:      73D571E9
VCDIFF window at offset:      1207959552
VCDIFF copy window length:    75310350
VCDIFF copy window offset:    1176686440
VCDIFF delta encoding length: 421362
VCDIFF target window length:  8388608
VCDIFF data section length:   367438
VCDIFF inst section length:   27359
VCDIFF addr section length:   26547

VCDIFF window number:         145
VCDIFF window indicator:      VCD_SOURCE VCD_ADLER32 
VCDIFF adler32 checksum:      146B0CA3
VCDIFF window at offset:      1216348160
VCDIFF copy window length:    68647309
VCDIFF copy window offset:    1191718221
VCDIFF delta encoding length: 275800
VCDIFF target window length:  8388608
VCDIFF data section length:   260226
VCDIFF inst section length:   8159
VCDIFF addr section length:   7399

VCDIFF window number:         146
VCDIFF window indicator:      VCD_SOURCE VCD_ADLER32 
VCDIFF adler32 checksum:      A376F6B5
VCDIFF window at offset:      1224736768
VCDIFF copy window length:    75240686
VCDIFF copy window offset:    1193370086
VCDIFF delta encoding length: 109723
VCDIFF target window length:  8388608
VCDIFF data section length:   96963
VCDIFF inst section length:   6307
VCDIFF addr section length:   6437

VCDIFF window number:         147
VCDIFF window indicator:      VCD_SOURCE VCD_ADLER32 
VCDIFF adler32 checksum:      209D7724
VCDIFF window at offset:      1233125376
VCDIFF copy window length:    74653208
VCDIFF copy window offset:    1202437910
VCDIFF delta encoding length: 138751
VCDIFF target window length:  8388608
VCDIFF data section length:   129472
VCDIFF inst section length:   4809
VCDIFF addr section length:   4454

VCDIFF window number:         148
VCDIFF window indicator:      VCD_SOURCE VCD_ADLER32 
VCDIFF adler32 checksum:      DCFE63A9
VCDIFF window at offset:      1241513984
VCDIFF copy window length:    73433344
VCDIFF copy window offset:    1210083232
VCDIFF delta encoding length: 796217
VCDIFF target window length:  8388608
VCDIFF data section length:   757796
VCDIFF inst section length:   21580
VCDIFF addr section length:   16823

VCDIFF window number:         149
VCDIFF window indicator:      VCD_SOURCE VCD_ADLER32 
VCDIFF adler32 checksum:      7FF8DAB1
VCDIFF window at offset:      1249902592
VCDIFF copy window length:    69321616
VCDIFF copy window offset:    1220342392
VCDIFF delta encoding length: 4248109
VCDIFF target window length:  8388608
VCDIFF data section length:   3586923
VCDIFF inst section length:   294028
VCDIFF addr section length:   367139

VCDIFF window number:         150
VCDIFF window indicator:      VCD_SOURCE VCD_ADLER32 
VCDIFF adler32 checksum:      5DBB73C3
VCDIFF window at offset:      1258291200
VCDIFF copy window length:    66974920
VCDIFF copy window offset:    1226942859
VCDIFF delta encoding length: 1452854
VCDIFF target window length:  8388608
VCDIFF data section length:   1256913
VCDIFF inst section length:   89808
VCDIFF addr section length:   106115

VCDIFF window number:         151
VCDIFF window indicator:      VCD_SOURCE VCD_ADLER32 
VCDIFF adler32 checksum:      9A40F20C
VCDIFF window at offset:      1266679808
VCDIFF copy window length:    67016587
VCDIFF copy window offset:    1239763341
VCDIFF delta encoding length: 3248450
VCDIFF target window length:  8388608
VCDIFF data section length:   3041953
VCDIFF inst section length:   105289
VCDIFF addr section length:   101189

VCDIFF window number:         152
VCDIFF window indicator:      VCD_SOURCE VCD_ADLER32 
VCDIFF adler32 checksum:      C15D57E0
VCDIFF window at offset:      1275068416
VCDIFF copy window length:    71055242
VCDIFF copy window offset:    1243632167
VCDIFF delta encoding length: 4463481
VCDIFF target window length:  8388608
VCDIFF data section length:   4115061
VCDIFF inst section length:   187117
VCDIFF addr section length:   161284

VCDIFF window number:         153
VCDIFF window indicator:      VCD_SOURCE VCD_ADLER32 
VCDIFF adler32 checksum:      367B2D75
VCDIFF window at offset:      1283457024
VCDIFF copy window length:    70294993
VCDIFF copy window offset:    1252694022
VCDIFF delta encoding length: 4993279
VCDIFF target window length:  8388608
VCDIFF data section length:   4625023
VCDIFF inst section length:   198028
VCDIFF addr section length:   170209

VCDIFF window number:         154
VCDIFF window indicator:      VCD_SOURCE VCD_ADLER32 
VCDIFF adler32 checksum:      D1E606E7
VCDIFF window at offset:      1291845632
VCDIFF copy window length:    51760033
VCDIFF copy window offset:    1282501360
VCDIFF delta encoding length: 787
VCDIFF target window length:  8388608
VCDIFF data section length:   88
VCDIFF inst section length:   365
VCDIFF addr section length:   320

VCDIFF window number:         155
VCDIFF window indicator:      VCD_SOURCE VCD_ADLER32 
VCDIFF adler32 checksum:      4BFF0C25
VCDIFF window at offset:      1300234240
VCDIFF copy window length:    39830464
VCDIFF copy window offset:    1304443612
VCDIFF delta encoding length: 2347
VCDIFF target window length:  8388608
VCDIFF data section length:   71
VCDIFF inst section length:   1228
VCDIFF addr section length:   1034

VCDIFF window number:         156
VCDIFF window indicator:      VCD_SOURCE VCD_ADLER32 
VCDIFF adler32 checksum:      40CAD509
VCDIFF window at offset:      1308622848
VCDIFF copy window length:    52365113
VCDIFF copy window offset:    1300163689
VCDIFF delta encoding length: 20529
VCDIFF target window length:  8388608
VCDIFF data section length:   18296
VCDIFF inst section length:   1303
VCDIFF addr section length:   914

VCDIFF window number:         157
VCDIFF window indicator:      VCD_SOURCE VCD_ADLER32 
VCDIFF adler32 checksum:      F593AD5F
VCDIFF window at offset:      1317011456
VCDIFF copy window length:    62854923
VCDIFF copy window offset:    1297536977
VCDIFF delta encoding length: 84286
VCDIFF target window length:  8388608
VCDIFF data section length:   79149
VCDIFF inst section length:   3159
VCDIFF addr section length:   1962

VCDIFF window number:         158
VCDIFF window indicator:      VCD_SOURCE VCD_ADLER32 
VCDIFF adler32 checksum:      65D2C354
VCDIFF window at offset:      1325400064
VCDIFF copy window length:    47962493
VCDIFF copy window offset:    1320956875
VCDIFF delta encoding length: 1732
VCDIFF target window length:  8388608
VCDIFF data section length:   34
VCDIFF inst section length:   913
VCDIFF addr section length:   771

VCDIFF window number:         159
VCDIFF window indicator:      VCD_SOURCE VCD_ADLER32 
VCDIFF adler32 checksum:      7D5F18B6
VCDIFF window at offset:      1333788672
VCDIFF copy window length:    61586587
VCDIFF copy window offset:    1315139057
VCDIFF delta encoding length: 467
VCDIFF target window length:  8388608
VCDIFF data section length:   0
VCDIFF inst section length:   256
VCDIFF addr section length:   197

VCDIFF window number:         160
VCDIFF window indicator:      VCD_SOURCE VCD_ADLER32 
VCDIFF adler32 checksum:      C5507C96
VCDIFF window at offset:      1342177280
VCDIFF copy window length:    60108947
VCDIFF copy window offset:    1326048461
VCDIFF delta encoding length: 621
VCDIFF target window length:  8388608
VCDIFF data section length:   5
VCDIFF inst section length:   337
VCDIFF addr section length:   265

VCDIFF window number:         161
VCDIFF window indicator:      VCD_SOURCE VCD_ADLER32 
VCDIFF adler32 checksum:      D69FA236
VCDIFF window at offset:      1350565888
VCDIFF copy window length:    67025225
VCDIFF copy window offset:    1327452735
VCDIFF delta encoding length: 19889
VCDIFF target window length:  8388608
VCDIFF data section length:   17511
VCDIFF inst section length:   1294
VCDIFF addr section length:   1068

VCDIFF window number:         162
VCDIFF window indicator:      VCD_SOURCE VCD_ADLER32 
VCDIFF adler32 checksum:      4C12362F
VCDIFF window at offset:      1358954496
VCDIFF copy window length:    58644883
VCDIFF copy window offset:    1341502217
VCDIFF delta encoding length: 517
VCDIFF target window length:  8388608
VCDIFF data section length:   6
VCDIFF inst section length:   269
VCDIFF addr section length:   228

VCDIFF window number:         163
VCDIFF window indicator:      VCD_SOURCE VCD_ADLER32 
VCDIFF adler32 checksum:      65F344A3
VCDIFF window at offset:      1367343104
VCDIFF copy window length:    69179965
VCDIFF copy window offset:    1341502217
VCDIFF delta encoding length: 532
VCDIFF target window length:  8388608
VCDIFF data section length:   3
VCDIFF inst section length:   278
VCDIFF addr section length:   237

VCDIFF window number:         164
VCDIFF window indicator:      VCD_SOURCE VCD_ADLER32 
VCDIFF adler32 checksum:      B88A9A29
VCDIFF window at offset:      1375731712
VCDIFF copy window length:    36691505
VCDIFF copy window offset:    1381283100
VCDIFF delta encoding length: 426
VCDIFF target window length:  8388608
VCDIFF data section length:   4
VCDIFF inst section length:   227
VCDIFF addr section length:   181

VCDIFF window number:         165
VCDIFF window indicator:      VCD_SOURCE VCD_ADLER32 
VCDIFF adler32 checksum:      77E7262B
VCDIFF window at offset:      1384120320
VCDIFF copy window length:    43750469
VCDIFF copy window offset:    1384324545
VCDIFF delta encoding length: 593
VCDIFF target window length:  8388608
VCDIFF data section length:   1
VCDIFF inst section length:   324
VCDIFF addr section length:   254

VCDIFF window number:         166
VCDIFF window indicator:      VCD_SOURCE VCD_ADLER32 
VCDIFF adler32 checksum:      1A399363
VCDIFF window at offset:      1392508928
VCDIFF copy window length:    37441412
VCDIFF copy window offset:    1398007644
VCDIFF delta encoding length: 413
VCDIFF target window length:  8388608
VCDIFF data section length:   8
VCDIFF inst section length:   219
VCDIFF addr section length:   172

VCDIFF window number:         167
VCDIFF window indicator:      VCD_SOURCE VCD_ADLER32 
VCDIFF adler32 checksum:      CB94D46B
VCDIFF window at offset:      1400897536
VCDIFF copy window length:    33585837
VCDIFF copy window offset:    1406465068
VCDIFF delta encoding length: 376
VCDIFF target window length:  8388608
VCDIFF data section length:   12
VCDIFF inst section length:   195
VCDIFF addr section length:   155

VCDIFF window number:         168
VCDIFF window indicator:      VCD_SOURCE VCD_ADLER32 
VCDIFF adler32 checksum:      79F42A86
VCDIFF window at offset:      1409286144
VCDIFF copy window length:    26875718
VCDIFF copy window offset:    1414853524
VCDIFF delta encoding length: 290
VCDIFF target window length:  8388608
VCDIFF data section length:   13
VCDIFF inst section length:   151
VCDIFF addr section length:   113

VCDIFF window number:         169
VCDIFF window indicator:      VCD_SOURCE VCD_ADLER32 
VCDIFF adler32 checksum:      7F90A316
VCDIFF window at offset:      1417674752
VCDIFF copy window length:    28640650
VCDIFF copy window offset:    1423242588
VCDIFF delta encoding length: 416
VCDIFF target window length:  8388608
VCDIFF data section length:   11
VCDIFF inst section length:   216
VCDIFF addr section length:   175

VCDIFF window number:         170
VCDIFF window indicator:      VCD_SOURCE VCD_ADLER32 
VCDIFF adler32 checksum:      1297F167
VCDIFF window at offset:      1426063360
VCDIFF copy window length:    37984506
VCDIFF copy window offset:    1431631064
VCDIFF delta encoding length: 491
VCDIFF target window length:  8388608
VCDIFF data section length:   5
VCDIFF inst section length:   264
VCDIFF addr section length:   208

VCDIFF window number:         171
VCDIFF window indicator:      VCD_SOURCE VCD_ADLER32 
VCDIFF adler32 checksum:      7AC44F88
VCDIFF window at offset:      1434451968
VCDIFF copy window length:    66844011
VCDIFF copy window offset:    1405355736
VCDIFF delta encoding length: 3436699
VCDIFF target window length:  8388608
VCDIFF data section length:   3003654
VCDIFF inst section length:   228298
VCDIFF addr section length:   204728

VCDIFF window number:         172
VCDIFF window indicator:      VCD_SOURCE VCD_ADLER32 
VCDIFF adler32 checksum:      A590E43B
VCDIFF window at offset:      1442840576
VCDIFF copy window length:    67154183
VCDIFF copy window offset:    1415203009
VCDIFF delta encoding length: 3223238
VCDIFF target window length:  8388608
VCDIFF data section length:   2786348
VCDIFF inst section length:   230893
VCDIFF addr section length:   205978

VCDIFF window number:         173
VCDIFF window indicator:      VCD_SOURCE VCD_ADLER32 
VCDIFF adler32 checksum:      F96AB8A6
VCDIFF window at offset:      1451229184
VCDIFF copy window length:    66688455
VCDIFF copy window offset:    1419966587
VCDIFF delta encoding length: 2445205
VCDIFF target window length:  8388608
VCDIFF data section length:   2030826
VCDIFF inst section length:   228131
VCDIFF addr section length:   186230

VCDIFF window number:         174
VCDIFF window indicator:      VCD_SOURCE VCD_ADLER32 
VCDIFF adler32 checksum:      8516E259
VCDIFF window at offset:      1459617792
VCDIFF copy window length:    64146556
VCDIFF copy window offset:    1430339266
VCDIFF delta encoding length: 2468981
VCDIFF target window length:  8388608
VCDIFF data section length:   1993123
VCDIFF inst section length:   266974
VCDIFF addr section length:   208866

VCDIFF window number:         175
VCDIFF window indicator:      VCD_SOURCE VCD_ADLER32 
VCDIFF adler32 checksum:      52CFD05D
VCDIFF window at offset:      1468006400
VCDIFF copy window length:    57019695
VCDIFF copy window offset:    1437466127
VCDIFF delta encoding length: 1823408
VCDIFF target window length:  8388608
VCDIFF data section length:   1521641
VCDIFF inst section length:   155455
VCDIFF addr section length:   146294

VCDIFF window number:         176
VCDIFF window indicator:      VCD_SOURCE VCD_ADLER32 
VCDIFF adler32 checksum:      E82B24F8
VCDIFF window at offset:      1476395008
VCDIFF copy window length:    52561637
VCDIFF copy window offset:    1462122931
VCDIFF delta encoding length: 345381
VCDIFF target window length:  8388608
VCDIFF data section length:   45375
VCDIFF inst section length:   123212
VCDIFF addr section length:   176776

VCDIFF window number:         177
VCDIFF window indicator:      VCD_SOURCE VCD_ADLER32 
VCDIFF adler32 checksum:      E3FD3E3E
VCDIFF window at offset:      1484783616
VCDIFF copy window length:    52583773
VCDIFF copy window offset:    1462132063
VCDIFF delta encoding length: 165960
VCDIFF target window length:  8388608
VCDIFF data section length:   34732
VCDIFF inst section length:   57179
VCDIFF addr section length:   74031

VCDIFF window number:         178
VCDIFF window indicator:      VCD_SOURCE VCD_ADLER32 
VCDIFF adler32 checksum:      6930EAC4
VCDIFF window at offset:      1493172224
VCDIFF copy window length:    43147814
VCDIFF copy window offset:    1471568026
VCDIFF delta encoding length: 244964
VCDIFF target window length:  8388608
VCDIFF data section length:   31139
VCDIFF inst section length:   75456
VCDIFF addr section length:   138351

VCDIFF window number:         179
VCDIFF window indicator:      VCD_SOURCE VCD_ADLER32 
VCDIFF adler32 checksum:      7D5744A9
VCDIFF window at offset:      1501560832
VCDIFF copy window length:    26238223
VCDIFF copy window offset:    1483776445
VCDIFF delta encoding length: 6837363
VCDIFF target window length:  8388608
VCDIFF data section length:   6214862
VCDIFF inst section length:   271970
VCDIFF addr section length:   350512

VCDIFF window number:         180
VCDIFF window indicator:      VCD_SOURCE VCD_ADLER32 
VCDIFF adler32 checksum:      84A74908
VCDIFF window at offset:      1509949440
VCDIFF copy window length:    8388608
VCDIFF copy window offset:    1517601568
VCDIFF delta encoding length: 18
VCDIFF target window length:  8388608
VCDIFF data section length:   0
VCDIFF inst section length:   5
VCDIFF addr section length:   1

VCDIFF window number:         181
VCDIFF window indicator:      VCD_SOURCE VCD_ADLER32 
VCDIFF adler32 checksum:      1CEDC75F
VCDIFF window at offset:      1518338048
VCDIFF copy window length:    8388608
VCDIFF copy window offset:    1525990176
VCDIFF delta encoding length: 18
VCDIFF target window length:  8388608
VCDIFF data section length:   0
VCDIFF inst section length:   5
VCDIFF addr section length:   1

VCDIFF window number:         182
VCDIFF window indicator:      VCD_SOURCE VCD_ADLER32 
VCDIFF adler32 checksum:      3FF29702
VCDIFF window at offset:      1526726656
VCDIFF copy window length:    8388608
VCDIFF copy window offset:    1534378784
VCDIFF delta encoding length: 18
VCDIFF target window length:  8388608
VCDIFF data section length:   0
VCDIFF inst section length:   5
VCDIFF addr section length:   1

VCDIFF window number:         183
VCDIFF window indicator:      VCD_SOURCE VCD_ADLER32 
VCDIFF adler32 checksum:      38474DF8
VCDIFF window at offset:      1535115264
VCDIFF copy window length:    8388608
VCDIFF copy window offset:    1542767392
VCDIFF delta encoding length: 18
VCDIFF target window length:  8388608
VCDIFF data section length:   0
VCDIFF inst section length:   5
VCDIFF addr section length:   1

VCDIFF window number:         184
VCDIFF window indicator:      VCD_SOURCE VCD_ADLER32 
VCDIFF adler32 checksum:      7364DD74
VCDIFF window at offset:      1543503872
VCDIFF copy window length:    8388608
VCDIFF copy window offset:    1551156000
VCDIFF delta encoding length: 18
VCDIFF target window length:  8388608
VCDIFF data section length:   0
VCDIFF inst section length:   5
VCDIFF addr section length:   1

VCDIFF window number:         185
VCDIFF window indicator:      VCD_SOURCE VCD_ADLER32 
VCDIFF adler32 checksum:      37DA2470
VCDIFF window at offset:      1551892480
VCDIFF copy window length:    8388608
VCDIFF copy window offset:    1559544608
VCDIFF delta encoding length: 18
VCDIFF target window length:  8388608
VCDIFF data section length:   0
VCDIFF inst section length:   5
VCDIFF addr section length:   1

VCDIFF window number:         186
VCDIFF window indicator:      VCD_SOURCE VCD_ADLER32 
VCDIFF adler32 checksum:      77C65B62
VCDIFF window at offset:      1560281088
VCDIFF copy window length:    8388608
VCDIFF copy window offset:    1567933216
VCDIFF delta encoding length: 18
VCDIFF target window length:  8388608
VCDIFF data section length:   0
VCDIFF inst section length:   5
VCDIFF addr section length:   1

VCDIFF window number:         187
VCDIFF window indicator:      VCD_SOURCE VCD_ADLER32 
VCDIFF adler32 checksum:      672D228B
VCDIFF window at offset:      1568669696
VCDIFF copy window length:    8388608
VCDIFF copy window offset:    1576321824
VCDIFF delta encoding length: 18
VCDIFF target window length:  8388608
VCDIFF data section length:   0
VCDIFF inst section length:   5
VCDIFF addr section length:   1

VCDIFF window number:         188
VCDIFF window indicator:      VCD_SOURCE VCD_ADLER32 
VCDIFF adler32 checksum:      1282DB65
VCDIFF window at offset:      1577058304
VCDIFF copy window length:    8388608
VCDIFF copy window offset:    1584710432
VCDIFF delta encoding length: 18
VCDIFF target window length:  8388608
VCDIFF data section length:   0
VCDIFF inst section length:   5
VCDIFF addr section length:   1

VCDIFF window number:         189
VCDIFF window indicator:      VCD_SOURCE VCD_ADLER32 
VCDIFF adler32 checksum:      7CEF25EA
VCDIFF window at offset:      1585446912
VCDIFF copy window length:    8388608
VCDIFF copy window offset:    1593099040
VCDIFF delta encoding length: 18
VCDIFF target window length:  8388608
VCDIFF data section length:   0
VCDIFF inst section length:   5
VCDIFF addr section length:   1

VCDIFF window number:         190
VCDIFF window indicator:      VCD_SOURCE VCD_ADLER32 
VCDIFF adler32 checksum:      5EDBD637
VCDIFF window at offset:      1593835520
VCDIFF copy window length:    8388608
VCDIFF copy window offset:    1601487648
VCDIFF delta encoding length: 18
VCDIFF target window length:  8388608
VCDIFF data section length:   0
VCDIFF inst section length:   5
VCDIFF addr section length:   1

VCDIFF window number:         191
VCDIFF window indicator:      VCD_SOURCE VCD_ADLER32 
VCDIFF adler32 checksum:      DD7CCB8F
VCDIFF window at offset:      1602224128
VCDIFF copy window length:    8388608
VCDIFF copy window offset:    1609876256
VCDIFF delta encoding length: 18
VCDIFF target window length:  8388608
VCDIFF data section length:   0
VCDIFF inst section length:   5
VCDIFF addr section length:   1

VCDIFF window number:         192
VCDIFF window indicator:      VCD_SOURCE VCD_ADLER32 
VCDIFF adler32 checksum:      875E67D3
VCDIFF window at offset:      1610612736
VCDIFF copy window length:    8388608
VCDIFF copy window offset:    1618264864
VCDIFF delta encoding length: 18
VCDIFF target window length:  8388608
VCDIFF data section length:   0
VCDIFF inst section length:   5
VCDIFF addr section length:   1

VCDIFF window number:         193
VCDIFF window indicator:      VCD_SOURCE VCD_ADLER32 
VCDIFF adler32 checksum:      582EA9D2
VCDIFF window at offset:      1619001344
VCDIFF copy window length:    8388608
VCDIFF copy window offset:    1626653472
VCDIFF delta encoding length: 18
VCDIFF target window length:  8388608
VCDIFF data section length:   0
VCDIFF inst section length:   5
VCDIFF addr section length:   1

VCDIFF window number:         194
VCDIFF window indicator:      VCD_SOURCE VCD_ADLER32 
VCDIFF adler32 checksum:      9CB5EBF4
VCDIFF window at offset:      1627389952
VCDIFF copy window length:    8388608
VCDIFF copy window offset:    1635042080
VCDIFF delta encoding length: 18
VCDIFF target window length:  8388608
VCDIFF data section length:   0
VCDIFF inst section length:   5
VCDIFF addr section length:   1

VCDIFF window number:         195
VCDIFF window indicator:      VCD_SOURCE VCD_ADLER32 
VCDIFF adler32 checksum:      FC3A1068
VCDIFF window at offset:      1635778560
VCDIFF copy window length:    8388608
VCDIFF copy window offset:    1643430688
VCDIFF delta encoding length: 18
VCDIFF target window length:  8388608
VCDIFF data section length:   0
VCDIFF inst section length:   5
VCDIFF addr section length:   1

VCDIFF window number:         196
VCDIFF window indicator:      VCD_SOURCE VCD_ADLER32 
VCDIFF adler32 checksum:      EEED3E3B
VCDIFF window at offset:      1644167168
VCDIFF copy window length:    8388608
VCDIFF copy window offset:    1651819296
VCDIFF delta encoding length: 18
VCDIFF target window length:  8388608
VCDIFF data section length:   0
VCDIFF inst section length:   5
VCDIFF addr section length:   1

VCDIFF window number:         197
VCDIFF window indicator:      VCD_SOURCE VCD_ADLER32 
VCDIFF adler32 checksum:      C109027F
VCDIFF window at offset:      1652555776
VCDIFF copy window length:    8388608
VCDIFF copy window offset:    1660207904
VCDIFF delta encoding length: 18
VCDIFF target window length:  8388608
VCDIFF data section length:   0
VCDIFF inst section length:   5
VCDIFF addr section length:   1

VCDIFF window number:         198
VCDIFF window indicator:      VCD_SOURCE VCD_ADLER32 
VCDIFF adler32 checksum:      3460A94F
VCDIFF window at offset:      1660944384
VCDIFF copy window length:    8388608
VCDIFF copy window offset:    1668596512
VCDIFF delta encoding length: 18
VCDIFF target window length:  8388608
VCDIFF data section length:   0
VCDIFF inst section length:   5
VCDIFF addr section length:   1

VCDIFF window number:         199
VCDIFF window indicator:      VCD_SOURCE VCD_ADLER32 
VCDIFF adler32 checksum:      237A7947
VCDIFF window at offset:      1669332992
VCDIFF copy window length:    8388608
VCDIFF copy window offset:    1676985120
VCDIFF delta encoding length: 18
VCDIFF target window length:  8388608
VCDIFF data section length:   0
VCDIFF inst section length:   5
VCDIFF addr section length:   1

VCDIFF window number:         200
VCDIFF window indicator:      VCD_SOURCE VCD_ADLER32 
VCDIFF adler32 checksum:      A67BBCD9
VCDIFF window at offset:      1677721600
VCDIFF copy window length:    8388608
VCDIFF copy window offset:    1685373728
VCDIFF delta encoding length: 18
VCDIFF target window length:  8388608
VCDIFF data section length:   0
VCDIFF inst section length:   5
VCDIFF addr section length:   1

VCDIFF window number:         201
VCDIFF window indicator:      VCD_SOURCE VCD_ADLER32 
VCDIFF adler32 checksum:      F67F0E47
VCDIFF window at offset:      1686110208
VCDIFF copy window length:    8388608
VCDIFF copy window offset:    1693762336
VCDIFF delta encoding length: 18
VCDIFF target window length:  8388608
VCDIFF data section length:   0
VCDIFF inst section length:   5
VCDIFF addr section length:   1

VCDIFF window number:         202
VCDIFF window indicator:      VCD_SOURCE VCD_ADLER32 
VCDIFF adler32 checksum:      8225AF9F
VCDIFF window at offset:      1694498816
VCDIFF copy window length:    8388608
VCDIFF copy window offset:    1702150944
VCDIFF delta encoding length: 18
VCDIFF target window length:  8388608
VCDIFF data section length:   0
VCDIFF inst section length:   5
VCDIFF addr section length:   1

VCDIFF window number:         203
VCDIFF window indicator:      VCD_SOURCE VCD_ADLER32 
VCDIFF adler32 checksum:      86016FFB
VCDIFF window at offset:      1702887424
VCDIFF copy window length:    8388608
VCDIFF copy window offset:    1710539552
VCDIFF delta encoding length: 18
VCDIFF target window length:  8388608
VCDIFF data section length:   0
VCDIFF inst section length:   5
VCDIFF addr section length:   1

VCDIFF window number:         204
VCDIFF window indicator:      VCD_SOURCE VCD_ADLER32 
VCDIFF adler32 checksum:      710AF71A
VCDIFF window at offset:      1711276032
VCDIFF copy window length:    36386282
VCDIFF copy window offset:    1718928160
VCDIFF delta encoding length: 1976616
VCDIFF target window length:  8388608
VCDIFF data section length:   1962818
VCDIFF inst section length:   8026
VCDIFF addr section length:   5756

VCDIFF window number:         205
VCDIFF window indicator:      VCD_SOURCE VCD_ADLER32 
VCDIFF adler32 checksum:      7DE43861
VCDIFF window at offset:      1719664640
VCDIFF copy window length:    29903658
VCDIFF copy window offset:    1725308506
VCDIFF delta encoding length: 8337916
VCDIFF target window length:  8388608
VCDIFF data section length:   8323891
VCDIFF inst section length:   8585
VCDIFF addr section length:   5423

VCDIFF window number:         206
VCDIFF window indicator:      VCD_SOURCE VCD_ADLER32 
VCDIFF adler32 checksum:      C8459227
VCDIFF window at offset:      1728053248
VCDIFF copy window length:    38307950
VCDIFF copy window offset:    1725311708
VCDIFF delta encoding length: 8346130
VCDIFF target window length:  8388608
VCDIFF data section length:   8331688
VCDIFF inst section length:   8791
VCDIFF addr section length:   5634

VCDIFF window number:         207
VCDIFF window indicator:      VCD_SOURCE VCD_ADLER32 
VCDIFF adler32 checksum:      D78FCEB6
VCDIFF window at offset:      1736441856
VCDIFF copy window length:    36952061
VCDIFF copy window offset:    1734185514
VCDIFF delta encoding length: 8343797
VCDIFF target window length:  8388608
VCDIFF data section length:   8330410
VCDIFF inst section length:   8077
VCDIFF addr section length:   5293

VCDIFF window number:         208
VCDIFF window indicator:      VCD_SOURCE VCD_ADLER32 
VCDIFF adler32 checksum:      573E8991
VCDIFF window at offset:      1744830464
VCDIFF copy window length:    34946160
VCDIFF copy window offset:    1745134934
VCDIFF delta encoding length: 8347542
VCDIFF target window length:  8388608
VCDIFF data section length:   8336273
VCDIFF inst section length:   6805
VCDIFF addr section length:   4447

VCDIFF window number:         209
VCDIFF window indicator:      VCD_SOURCE VCD_ADLER32 
VCDIFF adler32 checksum:      F81D5259
VCDIFF window at offset:      1753219072
VCDIFF copy window length:    56375913
VCDIFF copy window offset:    1734648029
VCDIFF delta encoding length: 8329990
VCDIFF target window length:  8388608
VCDIFF data section length:   8315108
VCDIFF inst section length:   8838
VCDIFF addr section length:   6027

VCDIFF window number:         210
VCDIFF window indicator:      VCD_SOURCE VCD_ADLER32 
VCDIFF adler32 checksum:      BAC19FD7
VCDIFF window at offset:      1761607680
VCDIFF copy window length:    65140007
VCDIFF copy window offset:    1734606761
VCDIFF delta encoding length: 8302274
VCDIFF target window length:  8388608
VCDIFF data section length:   8275395
VCDIFF inst section length:   14939
VCDIFF addr section length:   11923

VCDIFF window number:         211
VCDIFF window indicator:      VCD_SOURCE VCD_ADLER32 
VCDIFF adler32 checksum:      A5A12067
VCDIFF window at offset:      1769996288
VCDIFF copy window length:    68701356
VCDIFF copy window offset:    1742811287
VCDIFF delta encoding length: 8328315
VCDIFF target window length:  8388608
VCDIFF data section length:   8315953
VCDIFF inst section length:   7589
VCDIFF addr section length:   4756

VCDIFF window number:         212
VCDIFF window indicator:      VCD_SOURCE VCD_ADLER32 
VCDIFF adler32 checksum:      5AF33F37
VCDIFF window at offset:      1778384896
VCDIFF copy window length:    67764869
VCDIFF copy window offset:    1752340724
VCDIFF delta encoding length: 8346282
VCDIFF target window length:  8388608
VCDIFF data section length:   8328757
VCDIFF inst section length:   10643
VCDIFF addr section length:   6865

VCDIFF window number:         213
VCDIFF window indicator:      VCD_SOURCE VCD_ADLER32 
VCDIFF adler32 checksum:      B711901A
VCDIFF window at offset:      1786773504
VCDIFF copy window length:    69052275
VCDIFF copy window offset:    1759162219
VCDIFF delta encoding length: 8344209
VCDIFF target window length:  8388608
VCDIFF data section length:   8329143
VCDIFF inst section length:   9016
VCDIFF addr section length:   6033

VCDIFF window number:         214
VCDIFF window indicator:      VCD_SOURCE VCD_ADLER32 
VCDIFF adler32 checksum:      CFBC9107
VCDIFF window at offset:      1795162112
VCDIFF copy window length:    49887528
VCDIFF copy window offset:    1783892891
VCDIFF delta encoding length: 8338797
VCDIFF target window length:  8388608
VCDIFF data section length:   8326199
VCDIFF inst section length:   7576
VCDIFF addr section length:   5005

VCDIFF window number:         215
VCDIFF window indicator:      VCD_SOURCE VCD_ADLER32 
VCDIFF adler32 checksum:      92C1B0F4
VCDIFF window at offset:      1803550720
VCDIFF copy window length:    49774969
VCDIFF copy window offset:    1793229314
VCDIFF delta encoding length: 8355676
VCDIFF target window length:  8388608
VCDIFF data section length:   8341227
VCDIFF inst section length:   8690
VCDIFF addr section length:   5742

VCDIFF window number:         216
VCDIFF window indicator:      VCD_SOURCE VCD_ADLER32 
VCDIFF adler32 checksum:      B49EB7C4
VCDIFF window at offset:      1811939328
VCDIFF copy window length:    66602141
VCDIFF copy window offset:    1787198417
VCDIFF delta encoding length: 8197094
VCDIFF target window length:  8388608
VCDIFF data section length:   8177410
VCDIFF inst section length:   11564
VCDIFF addr section length:   8103

VCDIFF window number:         217
VCDIFF window indicator:      VCD_SOURCE VCD_ADLER32 
VCDIFF adler32 checksum:      6B150A95
VCDIFF window at offset:      1820327936
VCDIFF copy window length:    8388608
VCDIFF copy window offset:    1797890848
VCDIFF delta encoding length: 18
VCDIFF target window length:  8388608
VCDIFF data section length:   0
VCDIFF inst section length:   5
VCDIFF addr section length:   1

VCDIFF window number:         218
VCDIFF window indicator:      VCD_SOURCE VCD_ADLER32 
VCDIFF adler32 checksum:      13179809
VCDIFF window at offset:      1828716544
VCDIFF copy window length:    8388608
VCDIFF copy window offset:    1806279456
VCDIFF delta encoding length: 18
VCDIFF target window length:  8388608
VCDIFF data section length:   0
VCDIFF inst section length:   5
VCDIFF addr section length:   1

VCDIFF window number:         219
VCDIFF window indicator:      VCD_SOURCE VCD_ADLER32 
VCDIFF adler32 checksum:      76ADAC0D
VCDIFF window at offset:      1837105152
VCDIFF copy window length:    8388608
VCDIFF copy window offset:    1814668064
VCDIFF delta encoding length: 18
VCDIFF target window length:  8388608
VCDIFF data section length:   0
VCDIFF inst section length:   5
VCDIFF addr section length:   1

VCDIFF window number:         220
VCDIFF window indicator:      VCD_SOURCE VCD_ADLER32 
VCDIFF adler32 checksum:      7F6E8873
VCDIFF window at offset:      1845493760
VCDIFF copy window length:    8388608
VCDIFF copy window offset:    1823056672
VCDIFF delta encoding length: 18
VCDIFF target window length:  8388608
VCDIFF data section length:   0
VCDIFF inst section length:   5
VCDIFF addr section length:   1

VCDIFF window number:         221
VCDIFF window indicator:      VCD_SOURCE VCD_ADLER32 
VCDIFF adler32 checksum:      619F3CBA
VCDIFF window at offset:      1853882368
VCDIFF copy window length:    8388608
VCDIFF copy window offset:    1831445280
VCDIFF delta encoding length: 18
VCDIFF target window length:  8388608
VCDIFF data section length:   0
VCDIFF inst section length:   5
VCDIFF addr section length:   1

VCDIFF window number:         222
VCDIFF window indicator:      VCD_SOURCE VCD_ADLER32 
VCDIFF adler32 checksum:      DC0AE751
VCDIFF window at offset:      1862270976
VCDIFF copy window length:    8388608
VCDIFF copy window offset:    1839833888
VCDIFF delta encoding length: 18
VCDIFF target window length:  8388608
VCDIFF data section length:   0
VCDIFF inst section length:   5
VCDIFF addr section length:   1

VCDIFF window number:         223
VCDIFF window indicator:      VCD_SOURCE VCD_ADLER32 
VCDIFF adler32 checksum:      283BCA15
VCDIFF window at offset:      1870659584
VCDIFF copy window length:    8388608
VCDIFF copy window offset:    1848222496
VCDIFF delta encoding length: 18
VCDIFF target window length:  8388608
VCDIFF data section length:   0
VCDIFF inst section length:   5
VCDIFF addr section length:   1

VCDIFF window number:         224
VCDIFF window indicator:      VCD_SOURCE VCD_ADLER32 
VCDIFF adler32 checksum:      B570DC6B
VCDIFF window at offset:      1879048192
VCDIFF copy window length:    8388608
VCDIFF copy window offset:    1856611104
VCDIFF delta encoding length: 18
VCDIFF target window length:  8388608
VCDIFF data section length:   0
VCDIFF inst section length:   5
VCDIFF addr section length:   1

VCDIFF window number:         225
VCDIFF window indicator:      VCD_SOURCE VCD_ADLER32 
VCDIFF adler32 checksum:      EBCEC775
VCDIFF window at offset:      1887436800
VCDIFF copy window length:    8388608
VCDIFF copy window offset:    1864999712
VCDIFF delta encoding length: 18
VCDIFF target window length:  8388608
VCDIFF data section length:   0
VCDIFF inst section length:   5
VCDIFF addr section length:   1

VCDIFF window number:         226
VCDIFF window indicator:      VCD_SOURCE VCD_ADLER32 
VCDIFF adler32 checksum:      B31E967E
VCDIFF window at offset:      1895825408
VCDIFF copy window length:    8388608
VCDIFF copy window offset:    1873388320
VCDIFF delta encoding length: 18
VCDIFF target window length:  8388608
VCDIFF data section length:   0
VCDIFF inst section length:   5
VCDIFF addr section length:   1

VCDIFF window number:         227
VCDIFF window indicator:      VCD_SOURCE VCD_ADLER32 
VCDIFF adler32 checksum:      7BFB4852
VCDIFF window at offset:      1904214016
VCDIFF copy window length:    8388608
VCDIFF copy window offset:    1881776928
VCDIFF delta encoding length: 18
VCDIFF target window length:  8388608
VCDIFF data section length:   0
VCDIFF inst section length:   5
VCDIFF addr section length:   1

VCDIFF window number:         228
VCDIFF window indicator:      VCD_SOURCE VCD_ADLER32 
VCDIFF adler32 checksum:      57F59F28
VCDIFF window at offset:      1912602624
VCDIFF copy window length:    8388608
VCDIFF copy window offset:    1890165536
VCDIFF delta encoding length: 18
VCDIFF target window length:  8388608
VCDIFF data section length:   0
VCDIFF inst section length:   5
VCDIFF addr section length:   1

VCDIFF window number:         229
VCDIFF window indicator:      VCD_SOURCE VCD_ADLER32 
VCDIFF adler32 checksum:      8396416E
VCDIFF window at offset:      1920991232
VCDIFF copy window length:    8388608
VCDIFF copy window offset:    1898554144
VCDIFF delta encoding length: 18
VCDIFF target window length:  8388608
VCDIFF data section length:   0
VCDIFF inst section length:   5
VCDIFF addr section length:   1

VCDIFF window number:         230
VCDIFF window indicator:      VCD_SOURCE VCD_ADLER32 
VCDIFF adler32 checksum:      FECF07EB
VCDIFF window at offset:      1929379840
VCDIFF copy window length:    64065838
VCDIFF copy window offset:    1906942752
VCDIFF delta encoding length: 2873981
VCDIFF target window length:  8388608
VCDIFF data section length:   2866972
VCDIFF inst section length:   4197
VCDIFF addr section length:   2795

VCDIFF window number:         231
VCDIFF window indicator:      VCD_SOURCE VCD_ADLER32 
VCDIFF adler32 checksum:      10CDBA13
VCDIFF window at offset:      1937768448
VCDIFF copy window length:    52217098
VCDIFF copy window offset:    1924172133
VCDIFF delta encoding length: 8305292
VCDIFF target window length:  8388608
VCDIFF data section length:   8289711
VCDIFF inst section length:   9218
VCDIFF addr section length:   6346

VCDIFF window number:         232
VCDIFF window indicator:      VCD_SOURCE VCD_ADLER32 
VCDIFF adler32 checksum:      11E782EC
VCDIFF window at offset:      1946157056
VCDIFF copy window length:    60647093
VCDIFF copy window offset:    1924329387
VCDIFF delta encoding length: 8313677
VCDIFF target window length:  8388608
VCDIFF data section length:   8303520
VCDIFF inst section length:   6201
VCDIFF addr section length:   3939

VCDIFF window number:         233
VCDIFF window indicator:      VCD_SOURCE VCD_ADLER32 
VCDIFF adler32 checksum:      91E095ED
VCDIFF window at offset:      1954545664
VCDIFF copy window length:    61644512
VCDIFF copy window offset:    1930204762
VCDIFF delta encoding length: 8291070
VCDIFF target window length:  8388608
VCDIFF data section length:   8278894
VCDIFF inst section length:   7195
VCDIFF addr section length:   4964

VCDIFF window number:         234
VCDIFF window indicator:      VCD_SOURCE VCD_ADLER32 
VCDIFF adler32 checksum:      76E65392
VCDIFF window at offset:      1962934272
VCDIFF copy window length:    59414573
VCDIFF copy window offset:    1933773671
VCDIFF delta encoding length: 8242201
VCDIFF target window length:  8388608
VCDIFF data section length:   8200129
VCDIFF inst section length:   24608
VCDIFF addr section length:   17445

VCDIFF window number:         235
VCDIFF window indicator:      VCD_SOURCE VCD_ADLER32 
VCDIFF adler32 checksum:      0D2E9DE3
VCDIFF window at offset:      1971322880
VCDIFF copy window length:    53172123
VCDIFF copy window offset:    1940016121
VCDIFF delta encoding length: 8217388
VCDIFF target window length:  8388608
VCDIFF data section length:   8089666
VCDIFF inst section length:   65861
VCDIFF addr section length:   61842

VCDIFF window number:         236
VCDIFF window indicator:      VCD_SOURCE VCD_ADLER32 
VCDIFF adler32 checksum:      C6680D9E
VCDIFF window at offset:      1979711488
VCDIFF copy window length:    37981734
VCDIFF copy window offset:    1954859469
VCDIFF delta encoding length: 8315207
VCDIFF target window length:  8388608
VCDIFF data section length:   8284038
VCDIFF inst section length:   17183
VCDIFF addr section length:   13968

VCDIFF window number:         237
VCDIFF window indicator:      VCD_SOURCE VCD_ADLER32 
VCDIFF adler32 checksum:      75CF2EBB
VCDIFF window at offset:      1988100096
VCDIFF copy window length:    61085924
VCDIFF copy window offset:    1956910354
VCDIFF delta encoding length: 8086130
VCDIFF target window length:  8388608
VCDIFF data section length:   8028084
VCDIFF inst section length:   31321
VCDIFF addr section length:   26706

VCDIFF window number:         238
VCDIFF window indicator:      VCD_SOURCE VCD_ADLER32 
VCDIFF adler32 checksum:      D391F5EC
VCDIFF window at offset:      1996488704
VCDIFF copy window length:    27958439
VCDIFF copy window offset:    1965229805
VCDIFF delta encoding length: 8312591
VCDIFF target window length:  8388608
VCDIFF data section length:   8276694
VCDIFF inst section length:   20496
VCDIFF addr section length:   15383

VCDIFF window number:         239
VCDIFF window indicator:      VCD_SOURCE VCD_ADLER32 
VCDIFF adler32 checksum:      A58CF546
VCDIFF window at offset:      2004877312
VCDIFF copy window length:    19747393
VCDIFF copy window offset:    1973440851
VCDIFF delta encoding length: 8311128
VCDIFF target window length:  8388608
VCDIFF data section length:   8295804
VCDIFF inst section length:   9258
VCDIFF addr section length:   6049

VCDIFF window number:         240
VCDIFF window indicator:      VCD_SOURCE VCD_ADLER32 
VCDIFF adler32 checksum:      927BB6A5
VCDIFF window at offset:      2013265920
VCDIFF copy window length:    2999614
VCDIFF copy window offset:    1988829180
VCDIFF delta encoding length: 8310903
VCDIFF target window length:  8388608
VCDIFF data section length:   8302925
VCDIFF inst section length:   4997
VCDIFF addr section length:   2964

VCDIFF window number:         241
VCDIFF window indicator:      VCD_SOURCE VCD_ADLER32 
VCDIFF adler32 checksum:      0560E233
VCDIFF window at offset:      2021654528
VCDIFF copy window length:    338478
VCDIFF copy window offset:    1990727872
VCDIFF delta encoding length: 8308065
VCDIFF target window length:  8388608
VCDIFF data section length:   8288312
VCDIFF inst section length:   12062
VCDIFF addr section length:   7674

VCDIFF window number:         242
VCDIFF window indicator:      VCD_SOURCE VCD_ADLER32 
VCDIFF adler32 checksum:      9F8F36FB
VCDIFF window at offset:      2030043136
VCDIFF copy window length:    48136689
VCDIFF copy window offset:    2017988199
VCDIFF delta encoding length: 6747178
VCDIFF target window length:  8388608
VCDIFF data section length:   6541316
VCDIFF inst section length:   132559
VCDIFF addr section length:   73284

VCDIFF window number:         243
VCDIFF window indicator:      VCD_SOURCE VCD_ADLER32 
VCDIFF adler32 checksum:      06FC8CE6
VCDIFF window at offset:      2038431744
VCDIFF copy window length:    59957725
VCDIFF copy window offset:    2017985295
VCDIFF delta encoding length: 8396311
VCDIFF target window length:  8388608
VCDIFF data section length:   8363971
VCDIFF inst section length:   19660
VCDIFF addr section length:   12662

VCDIFF window number:         244
VCDIFF window indicator:      VCD_SOURCE VCD_ADLER32 
VCDIFF adler32 checksum:      9BD8FAB8
VCDIFF window at offset:      2046820352
VCDIFF copy window length:    69455806
VCDIFF copy window offset:    2017988199
VCDIFF delta encoding length: 8390661
VCDIFF target window length:  8388608
VCDIFF data section length:   8381874
VCDIFF inst section length:   5569
VCDIFF addr section length:   3201

VCDIFF window number:         245
VCDIFF window indicator:      VCD_SOURCE VCD_ADLER32 
VCDIFF adler32 checksum:      4668710D
VCDIFF window at offset:      2055208960
VCDIFF copy window length:    43186019
VCDIFF copy window offset:    2048690195
VCDIFF delta encoding length: 8397633
VCDIFF target window length:  8388608
VCDIFF data section length:   8359773
VCDIFF inst section length:   23067
VCDIFF addr section length:   14775

VCDIFF window number:         246
VCDIFF window indicator:      VCD_SOURCE VCD_ADLER32 
VCDIFF adler32 checksum:      9654BCC5
VCDIFF window at offset:      2063597568
VCDIFF copy window length:    38433598
VCDIFF copy window offset:    2063044743
VCDIFF delta encoding length: 8392405
VCDIFF target window length:  8388608
VCDIFF data section length:   8378321
VCDIFF inst section length:   8817
VCDIFF addr section length:   5250

VCDIFF window number:         247
VCDIFF window indicator:      VCD_SOURCE VCD_ADLER32 
VCDIFF adler32 checksum:      FBDF7E31
VCDIFF window at offset:      2071986176
VCDIFF copy window length:    29445535
VCDIFF copy window offset:    2077943045
VCDIFF delta encoding length: 8391690
VCDIFF target window length:  8388608
VCDIFF data section length:   8380764
VCDIFF inst section length:   6883
VCDIFF addr section length:   4026

VCDIFF window number:         248
VCDIFF window indicator:      VCD_SOURCE VCD_ADLER32 
VCDIFF adler32 checksum:      B55D06F7
VCDIFF window at offset:      2080374784
VCDIFF copy window length:    50238433
VCDIFF copy window offset:    2069275361
VCDIFF delta encoding length: 8381619
VCDIFF target window length:  8388608
VCDIFF data section length:   8363643
VCDIFF inst section length:   11054
VCDIFF addr section length:   6905

VCDIFF window number:         249
VCDIFF window indicator:      VCD_SOURCE VCD_ADLER32 
VCDIFF adler32 checksum:      509EEF80
VCDIFF window at offset:      2088763392
VCDIFF copy window length:    52078097
VCDIFF copy window offset:    2078328721
VCDIFF delta encoding length: 8344146
VCDIFF target window length:  8388608
VCDIFF data section length:   8285957
VCDIFF inst section length:   36742
VCDIFF addr section length:   21428

VCDIFF window number:         250
VCDIFF window indicator:      VCD_SOURCE VCD_ADLER32 
VCDIFF adler32 checksum:      3B948DBD
VCDIFF window at offset:      2097152000
VCDIFF copy window length:    65482815
VCDIFF copy window offset:    2073291207
VCDIFF delta encoding length: 8393071
VCDIFF target window length:  8388608
VCDIFF data section length:   8363141
VCDIFF inst section length:   17458
VCDIFF addr section length:   12454

VCDIFF window number:         251
VCDIFF window indicator:      VCD_SOURCE VCD_ADLER32 
VCDIFF adler32 checksum:      BC1EB24F
VCDIFF window at offset:      2105540608
VCDIFF copy window length:    62682221
VCDIFF copy window offset:    2083159447
VCDIFF delta encoding length: 8392034
VCDIFF target window length:  8388608
VCDIFF data section length:   8373222
VCDIFF inst section length:   11314
VCDIFF addr section length:   7481

VCDIFF window number:         252
VCDIFF window indicator:      VCD_SOURCE VCD_ADLER32 
VCDIFF adler32 checksum:      481B6B98
VCDIFF window at offset:      2113929216
VCDIFF copy window length:    39887108
VCDIFF copy window offset:    2110890949
VCDIFF delta encoding length: 8394214
VCDIFF target window length:  8388608
VCDIFF data section length:   8373527
VCDIFF inst section length:   12834
VCDIFF addr section length:   7836

VCDIFF window number:         253
VCDIFF window indicator:      VCD_SOURCE VCD_ADLER32 
VCDIFF adler32 checksum:      07E7F763
VCDIFF window at offset:      2122317824
VCDIFF copy window length:    27053525
VCDIFF copy window offset:    2134110255
VCDIFF delta encoding length: 8390136
VCDIFF target window length:  8388608
VCDIFF data section length:   8384006
VCDIFF inst section length:   3892
VCDIFF addr section length:   2221

VCDIFF window number:         254
VCDIFF window indicator:      VCD_SOURCE VCD_ADLER32 
VCDIFF adler32 checksum:      6C0C43C1
VCDIFF window at offset:      2130706432
VCDIFF copy window length:    39196049
VCDIFF copy window offset:    2130592883
VCDIFF delta encoding length: 8392119
VCDIFF target window length:  8388608
VCDIFF data section length:   8377269
VCDIFF inst section length:   9296
VCDIFF addr section length:   5537

VCDIFF window number:         255
VCDIFF window indicator:      VCD_SOURCE VCD_ADLER32 
VCDIFF adler32 checksum:      B2E34ABF
VCDIFF window at offset:      2139095040
VCDIFF copy window length:    31391599
VCDIFF copy window offset:    2144831701
VCDIFF delta encoding length: 8391421
VCDIFF target window length:  8388608
VCDIFF data section length:   8381339
VCDIFF inst section length:   6384
VCDIFF addr section length:   3681

VCDIFF window number:         256
VCDIFF window indicator:      VCD_SOURCE VCD_ADLER32 
VCDIFF adler32 checksum:      8690D8F0
VCDIFF window at offset:      2147483648
VCDIFF copy window length:    42280719
VCDIFF copy window offset:    2139143009
VCDIFF delta encoding length: 8390370
VCDIFF target window length:  8388608
VCDIFF data section length:   8360505
VCDIFF inst section length:   16198
VCDIFF addr section length:   13650

VCDIFF window number:         257
VCDIFF window indicator:      VCD_SOURCE VCD_ADLER32 
VCDIFF adler32 checksum:      2281B9CC
VCDIFF window at offset:      2155872256
VCDIFF copy window length:    61374138
VCDIFF copy window offset:    2130408687
VCDIFF delta encoding length: 8383218
VCDIFF target window length:  8388608
VCDIFF data section length:   8341757
VCDIFF inst section length:   20083
VCDIFF addr section length:   21359

VCDIFF window number:         258
VCDIFF window indicator:      VCD_SOURCE VCD_ADLER32 
VCDIFF adler32 checksum:      7F604814
VCDIFF window at offset:      2164260864
VCDIFF copy window length:    69195018
VCDIFF copy window offset:    2137005242
VCDIFF delta encoding length: 8382577
VCDIFF target window length:  8388608
VCDIFF data section length:   8359960
VCDIFF inst section length:   11509
VCDIFF addr section length:   11091

VCDIFF window number:         259
VCDIFF window indicator:      VCD_SOURCE VCD_ADLER32 
VCDIFF adler32 checksum:      48BF89A0
VCDIFF window at offset:      2172649472
VCDIFF copy window length:    64993021
VCDIFF copy window offset:    2141207239
VCDIFF delta encoding length: 7891610
VCDIFF target window length:  8388608
VCDIFF data section length:   7536132
VCDIFF inst section length:   130831
VCDIFF addr section length:   224628

VCDIFF window number:         260
VCDIFF window indicator:      VCD_SOURCE VCD_ADLER32 
VCDIFF adler32 checksum:      AEC38406
VCDIFF window at offset:      2181038080
VCDIFF copy window length:    66674361
VCDIFF copy window offset:    2149983271
VCDIFF delta encoding length: 7882277
VCDIFF target window length:  8388608
VCDIFF data section length:   7507320
VCDIFF inst section length:   134101
VCDIFF addr section length:   240837

VCDIFF window number:         261
VCDIFF window indicator:      VCD_SOURCE VCD_ADLER32 
VCDIFF adler32 checksum:      584024D4
VCDIFF window at offset:      2189426688
VCDIFF copy window length:    67027262
VCDIFF copy window offset:    2157974126
VCDIFF delta encoding length: 8298014
VCDIFF target window length:  8388608
VCDIFF data section length:   8169713
VCDIFF inst section length:   52068
VCDIFF addr section length:   76214

VCDIFF window number:         262
VCDIFF window indicator:      VCD_SOURCE VCD_ADLER32 
VCDIFF adler32 checksum:      CAAC92AE
VCDIFF window at offset:      2197815296
VCDIFF copy window length:    61005761
VCDIFF copy window offset:    2178635533
VCDIFF delta encoding length: 8381259
VCDIFF target window length:  8388608
VCDIFF data section length:   8345608
VCDIFF inst section length:   17479
VCDIFF addr section length:   18153

VCDIFF window number:         263
VCDIFF window indicator:      VCD_SOURCE VCD_ADLER32 
VCDIFF adler32 checksum:      CA74608A
VCDIFF window at offset:      2206203904
VCDIFF copy window length:    66547159
VCDIFF copy window offset:    2181420919
VCDIFF delta encoding length: 8393310
VCDIFF target window length:  8388608
VCDIFF data section length:   8371693
VCDIFF inst section length:   13187
VCDIFF addr section length:   8413

VCDIFF window number:         264
VCDIFF window indicator:      VCD_SOURCE VCD_ADLER32 
VCDIFF adler32 checksum:      5886EB8B
VCDIFF window at offset:      2214592512
VCDIFF copy window length:    66672681
VCDIFF copy window offset:    2189419823
VCDIFF delta encoding length: 8390380
VCDIFF target window length:  8388608
VCDIFF data section length:   8377617
VCDIFF inst section length:   7757
VCDIFF addr section length:   4989

VCDIFF window number:         265
VCDIFF window indicator:      VCD_SOURCE VCD_ADLER32 
VCDIFF adler32 checksum:      256C7135
VCDIFF window at offset:      2222981120
VCDIFF copy window length:    69340624
VCDIFF copy window offset:    2195140942
VCDIFF delta encoding length: 8390647
VCDIFF target window length:  8388608
VCDIFF data section length:   8381889
VCDIFF inst section length:   5493
VCDIFF addr section length:   3248

VCDIFF window number:         266
VCDIFF window indicator:      VCD_SOURCE VCD_ADLER32 
VCDIFF adler32 checksum:      88D6341B
VCDIFF window at offset:      2231369728
VCDIFF copy window length:    62145123
VCDIFF copy window offset:    2210961545
VCDIFF delta encoding length: 8389051
VCDIFF target window length:  8388608
VCDIFF data section length:   8382800
VCDIFF inst section length:   3801
VCDIFF addr section length:   2433

VCDIFF window number:         267
VCDIFF window indicator:      VCD_SOURCE VCD_ADLER32 
VCDIFF adler32 checksum:      BE340A02
VCDIFF window at offset:      2239758336
VCDIFF copy window length:    54832419
VCDIFF copy window offset:    2225627749
VCDIFF delta encoding length: 8390543
VCDIFF target window length:  8388608
VCDIFF data section length:   8382791
VCDIFF inst section length:   4914
VCDIFF addr section length:   2821

VCDIFF window number:         268
VCDIFF window indicator:      VCD_SOURCE VCD_ADLER32 
VCDIFF adler32 checksum:      82C870A3
VCDIFF window at offset:      2248146944
VCDIFF copy window length:    66920860
VCDIFF copy window offset:    2218913336
VCDIFF delta encoding length: 8036348
VCDIFF target window length:  8388608
VCDIFF data section length:   7716380
VCDIFF inst section length:   108185
VCDIFF addr section length:   211764

VCDIFF window number:         269
VCDIFF window indicator:      VCD_SOURCE VCD_ADLER32 
VCDIFF adler32 checksum:      D5693E43
VCDIFF window at offset:      2256535552
VCDIFF copy window length:    66301110
VCDIFF copy window offset:    2225281350
VCDIFF delta encoding length: 8089597
VCDIFF target window length:  8388608
VCDIFF data section length:   7840246
VCDIFF inst section length:   85067
VCDIFF addr section length:   164265

VCDIFF window number:         270
VCDIFF window indicator:      VCD_SOURCE VCD_ADLER32 
VCDIFF adler32 checksum:      58FC3809
VCDIFF window at offset:      2264924160
VCDIFF copy window length:    66810990
VCDIFF copy window offset:    2233949124
VCDIFF delta encoding length: 8074896
VCDIFF target window length:  8388608
VCDIFF data section length:   7826935
VCDIFF inst section length:   78555
VCDIFF addr section length:   169387

VCDIFF window number:         271
VCDIFF window indicator:      VCD_SOURCE VCD_ADLER32 
VCDIFF adler32 checksum:      A6C7C241
VCDIFF window at offset:      2273312768
VCDIFF copy window length:    68298575
VCDIFF copy window offset:    2241862949
VCDIFF delta encoding length: 8093211
VCDIFF target window length:  8388608
VCDIFF data section length:   7847491
VCDIFF inst section length:   78369
VCDIFF addr section length:   167332

VCDIFF window number:         272
VCDIFF window indicator:      VCD_SOURCE VCD_ADLER32 
VCDIFF adler32 checksum:      61457CC3
VCDIFF window at offset:      2281701376
VCDIFF copy window length:    58200583
VCDIFF copy window offset:    2251955647
VCDIFF delta encoding length: 7417020
VCDIFF target window length:  8388608
VCDIFF data section length:   6628388
VCDIFF inst section length:   254147
VCDIFF addr section length:   534466

VCDIFF window number:         273
VCDIFF window indicator:      VCD_SOURCE VCD_ADLER32 
VCDIFF adler32 checksum:      0CEA7E74
VCDIFF window at offset:      2290089984
VCDIFF copy window length:    71948171
VCDIFF copy window offset:    2258968385
VCDIFF delta encoding length: 8257548
VCDIFF target window length:  8388608
VCDIFF data section length:   8102802
VCDIFF inst section length:   59719
VCDIFF addr section length:   95008

VCDIFF window number:         274
VCDIFF window indicator:      VCD_SOURCE VCD_ADLER32 
VCDIFF adler32 checksum:      FCBE68E4
VCDIFF window at offset:      2298478592
VCDIFF copy window length:    64918763
VCDIFF copy window offset:    2269184154
VCDIFF delta encoding length: 8127435
VCDIFF target window length:  8388608
VCDIFF data section length:   7882850
VCDIFF inst section length:   96448
VCDIFF addr section length:   148118

VCDIFF window number:         275
VCDIFF window indicator:      VCD_SOURCE VCD_ADLER32 
VCDIFF adler32 checksum:      8C639AF4
VCDIFF window at offset:      2306867200
VCDIFF copy window length:    65774249
VCDIFF copy window offset:    2277878071
VCDIFF delta encoding length: 8332366
VCDIFF target window length:  8388608
VCDIFF data section length:   8210941
VCDIFF inst section length:   55274
VCDIFF addr section length:   66132

VCDIFF window number:         276
VCDIFF window indicator:      VCD_SOURCE VCD_ADLER32 
VCDIFF adler32 checksum:      07307190
VCDIFF window at offset:      2315255808
VCDIFF copy window length:    71238375
VCDIFF copy window offset:    2285951465
VCDIFF delta encoding length: 8334489
VCDIFF target window length:  8388608
VCDIFF data section length:   8263032
VCDIFF inst section length:   29811
VCDIFF addr section length:   41627

VCDIFF window number:         277
VCDIFF window indicator:      VCD_SOURCE VCD_ADLER32 
VCDIFF adler32 checksum:      1206E222
VCDIFF window at offset:      2323644416
VCDIFF copy window length:    67910990
VCDIFF copy window offset:    2293296869
VCDIFF delta encoding length: 8257128
VCDIFF target window length:  8388608
VCDIFF data section length:   8052739
VCDIFF inst section length:   79613
VCDIFF addr section length:   124757

VCDIFF window number:         278
VCDIFF window indicator:      VCD_SOURCE VCD_ADLER32 
VCDIFF adler32 checksum:      CD86E794
VCDIFF window at offset:      2332033024
VCDIFF copy window length:    63130751
VCDIFF copy window offset:    2306420789
VCDIFF delta encoding length: 8119134
VCDIFF target window length:  8388608
VCDIFF data section length:   7897497
VCDIFF inst section length:   73782
VCDIFF addr section length:   147836

VCDIFF window number:         279
VCDIFF window indicator:      VCD_SOURCE VCD_ADLER32 
VCDIFF adler32 checksum:      5166AB39
VCDIFF window at offset:      2340421632
VCDIFF copy window length:    60992679
VCDIFF copy window offset:    2320494325
VCDIFF delta encoding length: 8381590
VCDIFF target window length:  8388608
VCDIFF data section length:   8354381
VCDIFF inst section length:   15220
VCDIFF addr section length:   11972

VCDIFF window number:         280
VCDIFF window indicator:      VCD_SOURCE VCD_ADLER32 
VCDIFF adler32 checksum:      D7DE032A
VCDIFF window at offset:      2348810240
VCDIFF copy window length:    63406295
VCDIFF copy window offset:    2320492253
VCDIFF delta encoding length: 8391052
VCDIFF target window length:  8388608
VCDIFF data section length:   8370249
VCDIFF inst section length:   12735
VCDIFF addr section length:   8051

VCDIFF window number:         281
VCDIFF window indicator:      VCD_SOURCE VCD_ADLER32 
VCDIFF adler32 checksum:      473245FD
VCDIFF window at offset:      2357198848
VCDIFF copy window length:    65467715
VCDIFF copy window offset:    2329909676
VCDIFF delta encoding length: 8278183
VCDIFF target window length:  8388608
VCDIFF data section length:   8173503
VCDIFF inst section length:   37155
VCDIFF addr section length:   67506

VCDIFF window number:         282
VCDIFF window indicator:      VCD_SOURCE VCD_ADLER32 
VCDIFF adler32 checksum:      128CB9EC
VCDIFF window at offset:      2365587456
VCDIFF copy window length:    61126002
VCDIFF copy window offset:    2334251389
VCDIFF delta encoding length: 8288418
VCDIFF target window length:  8388608
VCDIFF data section length:   8107110
VCDIFF inst section length:   82490
VCDIFF addr section length:   98799

VCDIFF window number:         283
VCDIFF window indicator:      VCD_SOURCE VCD_ADLER32 
VCDIFF adler32 checksum:      A95FF295
VCDIFF window at offset:      2373976064
VCDIFF copy window length:    60611564
VCDIFF copy window offset:    2342633455
VCDIFF delta encoding length: 8200332
VCDIFF target window length:  8388608
VCDIFF data section length:   7975941
VCDIFF inst section length:   82862
VCDIFF addr section length:   141510

VCDIFF window number:         284
VCDIFF window indicator:      VCD_SOURCE VCD_ADLER32 
VCDIFF adler32 checksum:      EFC6AF14
VCDIFF window at offset:      2382364672
VCDIFF copy window length:    63363302
VCDIFF copy window offset:    2351010323
VCDIFF delta encoding length: 8121565
VCDIFF target window length:  8388608
VCDIFF data section length:   7866118
VCDIFF inst section length:   85417
VCDIFF addr section length:   170011

VCDIFF window number:         285
VCDIFF window indicator:      VCD_SOURCE VCD_ADLER32 
VCDIFF adler32 checksum:      86ECD8D3
VCDIFF window at offset:      2390753280
VCDIFF copy window length:    69142058
VCDIFF copy window offset:    2359358195
VCDIFF delta encoding length: 8249594
VCDIFF target window length:  8388608
VCDIFF data section length:   8063251
VCDIFF inst section length:   74995
VCDIFF addr section length:   111329

VCDIFF window number:         286
VCDIFF window indicator:      VCD_SOURCE VCD_ADLER32 
VCDIFF adler32 checksum:      437B6266
VCDIFF window at offset:      2399141888
VCDIFF copy window length:    66932737
VCDIFF copy window offset:    2367809574
VCDIFF delta encoding length: 7906386
VCDIFF target window length:  8388608
VCDIFF data section length:   7453491
VCDIFF inst section length:   156468
VCDIFF addr section length:   296408

VCDIFF window number:         287
VCDIFF window indicator:      VCD_SOURCE VCD_ADLER32 
VCDIFF adler32 checksum:      E62692C4
VCDIFF window at offset:      2407530496
VCDIFF copy window length:    65458580
VCDIFF copy window offset:    2377705517
VCDIFF delta encoding length: 8189208
VCDIFF target window length:  8388608
VCDIFF data section length:   7983629
VCDIFF inst section length:   71659
VCDIFF addr section length:   133901

VCDIFF window number:         288
VCDIFF window indicator:      VCD_SOURCE VCD_ADLER32 
VCDIFF adler32 checksum:      AE826153
VCDIFF window at offset:      2415919104
VCDIFF copy window length:    67348182
VCDIFF copy window offset:    2385156813
VCDIFF delta encoding length: 8257032
VCDIFF target window length:  8388608
VCDIFF data section length:   8105866
VCDIFF inst section length:   55671
VCDIFF addr section length:   95476

VCDIFF window number:         289
VCDIFF window indicator:      VCD_SOURCE VCD_ADLER32 
VCDIFF adler32 checksum:      A6A85ACB
VCDIFF window at offset:      2424307712
VCDIFF copy window length:    59441571
VCDIFF copy window offset:    2403169787
VCDIFF delta encoding length: 8262849
VCDIFF target window length:  8388608
VCDIFF data section length:   8141490
VCDIFF inst section length:   43383
VCDIFF addr section length:   77957

VCDIFF window number:         290
VCDIFF window indicator:      VCD_SOURCE VCD_ADLER32 
VCDIFF adler32 checksum:      194C3B60
VCDIFF window at offset:      2432696320
VCDIFF copy window length:    41174902
VCDIFF copy window offset:    2428522271
VCDIFF delta encoding length: 8391773
VCDIFF target window length:  8388608
VCDIFF data section length:   8373556
VCDIFF inst section length:   11677
VCDIFF addr section length:   6523

VCDIFF window number:         291
VCDIFF window indicator:      VCD_SOURCE VCD_ADLER32 
VCDIFF adler32 checksum:      C6DA80B8
VCDIFF window at offset:      2441084928
VCDIFF copy window length:    61812311
VCDIFF copy window offset:    2414219125
VCDIFF delta encoding length: 8357821
VCDIFF target window length:  8388608
VCDIFF data section length:   8316845
VCDIFF inst section length:   16628
VCDIFF addr section length:   24329

VCDIFF window number:         292
VCDIFF window indicator:      VCD_SOURCE VCD_ADLER32 
VCDIFF adler32 checksum:      15E674A5
VCDIFF window at offset:      2449473536
VCDIFF copy window length:    61112436
VCDIFF copy window offset:    2425360775
VCDIFF delta encoding length: 8311482
VCDIFF target window length:  8388608
VCDIFF data section length:   8234283
VCDIFF inst section length:   28091
VCDIFF addr section length:   49089

VCDIFF window number:         293
VCDIFF window indicator:      VCD_SOURCE VCD_ADLER32 
VCDIFF adler32 checksum:      042F556D
VCDIFF window at offset:      2457862144
VCDIFF copy window length:    67085732
VCDIFF copy window offset:    2432696328
VCDIFF delta encoding length: 8340086
VCDIFF target window length:  8388608
VCDIFF data section length:   8285628
VCDIFF inst section length:   20131
VCDIFF addr section length:   34308

VCDIFF window number:         294
VCDIFF window indicator:      VCD_SOURCE VCD_ADLER32 
VCDIFF adler32 checksum:      DCECCAB8
VCDIFF window at offset:      2466250752
VCDIFF copy window length:    68967972
VCDIFF copy window offset:    2435027831
VCDIFF delta encoding length: 8147001
VCDIFF target window length:  8388608
VCDIFF data section length:   7940363
VCDIFF inst section length:   75612
VCDIFF addr section length:   131007

VCDIFF window number:         295
VCDIFF window indicator:      VCD_SOURCE VCD_ADLER32 
VCDIFF adler32 checksum:      C1D24A52
VCDIFF window at offset:      2474639360
VCDIFF copy window length:    68910129
VCDIFF copy window offset:    2443437685
VCDIFF delta encoding length: 8153671
VCDIFF target window length:  8388608
VCDIFF data section length:   7954678
VCDIFF inst section length:   77068
VCDIFF addr section length:   121906

VCDIFF window number:         296
VCDIFF window indicator:      VCD_SOURCE VCD_ADLER32 
VCDIFF adler32 checksum:      F42935A7
VCDIFF window at offset:      2483027968
VCDIFF copy window length:    54346911
VCDIFF copy window offset:    2466140853
VCDIFF delta encoding length: 8191312
VCDIFF target window length:  8388608
VCDIFF data section length:   8162912
VCDIFF inst section length:   14176
VCDIFF addr section length:   14207

VCDIFF window number:         297
VCDIFF window indicator:      VCD_SOURCE VCD_ADLER32 
VCDIFF adler32 checksum:      F9EC60AA
VCDIFF window at offset:      2491416576
VCDIFF copy window length:    46113236
VCDIFF copy window offset:    2486462686
VCDIFF delta encoding length: 8390218
VCDIFF target window length:  8388608
VCDIFF data section length:   8382265
VCDIFF inst section length:   4982
VCDIFF addr section length:   2954

VCDIFF window number:         298
VCDIFF window indicator:      VCD_SOURCE VCD_ADLER32 
VCDIFF adler32 checksum:      A6CDB9A7
VCDIFF window at offset:      2499805184
VCDIFF copy window length:    50690421
VCDIFF copy window offset:    2489905535
VCDIFF delta encoding length: 8390151
VCDIFF target window length:  8388608
VCDIFF data section length:   8382637
VCDIFF inst section length:   4687
VCDIFF addr section length:   2810

VCDIFF window number:         299
VCDIFF window indicator:      VCD_SOURCE VCD_ADLER32 
VCDIFF adler32 checksum:      DBC86C14
VCDIFF window at offset:      2508193792
VCDIFF copy window length:    52488355
VCDIFF copy window offset:    2494649105
VCDIFF delta encoding length: 8389572
VCDIFF target window length:  8388608
VCDIFF data section length:   8377943
VCDIFF inst section length:   7289
VCDIFF addr section length:   4323

VCDIFF window number:         300
VCDIFF window indicator:      VCD_SOURCE VCD_ADLER32 
VCDIFF adler32 checksum:      BC4AD274
VCDIFF window at offset:      2516582400
VCDIFF copy window length:    61096121
VCDIFF copy window offset:    2493561851
VCDIFF delta encoding length: 8397232
VCDIFF target window length:  8388608
VCDIFF data section length:   8353090
VCDIFF inst section length:   26073
VCDIFF addr section length:   18050

VCDIFF window number:         301
VCDIFF window indicator:      VCD_SOURCE VCD_ADLER32 
VCDIFF adler32 checksum:      D2A22165
VCDIFF window at offset:      2524971008
VCDIFF copy window length:    66311678
VCDIFF copy window offset:    2498005660
VCDIFF delta encoding length: 8169604
VCDIFF target window length:  8388608
VCDIFF data section length:   7992605
VCDIFF inst section length:   62676
VCDIFF addr section length:   114304

VCDIFF window number:         302
VCDIFF window indicator:      VCD_SOURCE VCD_ADLER32 
VCDIFF adler32 checksum:      BBA5B0D4
VCDIFF window at offset:      2533359616
VCDIFF copy window length:    64353023
VCDIFF copy window offset:    2502027642
VCDIFF delta encoding length: 7634411
VCDIFF target window length:  8388608
VCDIFF data section length:   7341084
VCDIFF inst section length:   107279
VCDIFF addr section length:   186029

VCDIFF window number:         303
VCDIFF window indicator:      VCD_SOURCE VCD_ADLER32 
VCDIFF adler32 checksum:      FC60D7C6
VCDIFF window at offset:      2541748224
VCDIFF copy window length:    64654299
VCDIFF copy window offset:    2510331451
VCDIFF delta encoding length: 8134247
VCDIFF target window length:  8388608
VCDIFF data section length:   7943612
VCDIFF inst section length:   75856
VCDIFF addr section length:   114760

VCDIFF window number:         304
VCDIFF window indicator:      VCD_SOURCE VCD_ADLER32 
VCDIFF adler32 checksum:      F05A9DBF
VCDIFF window at offset:      2550136832
VCDIFF copy window length:    66554685
VCDIFF copy window offset:    2522680894
VCDIFF delta encoding length: 7752109
VCDIFF target window length:  8388608
VCDIFF data section length:   7701156
VCDIFF inst section length:   25442
VCDIFF addr section length:   25492

VCDIFF window number:         305
VCDIFF window indicator:      VCD_SOURCE VCD_ADLER32 
VCDIFF adler32 checksum:      D96D46D0
VCDIFF window at offset:      2558525440
VCDIFF copy window length:    68647665
VCDIFF copy window offset:    2527156707
VCDIFF delta encoding length: 7035280
VCDIFF target window length:  8388608
VCDIFF data section length:   6601355
VCDIFF inst section length:   279725
VCDIFF addr section length:   154181

VCDIFF window number:         306
VCDIFF window indicator:      VCD_SOURCE VCD_ADLER32 
VCDIFF adler32 checksum:      B9230EDF
VCDIFF window at offset:      2566914048
VCDIFF copy window length:    69573270
VCDIFF copy window offset:    2535573278
VCDIFF delta encoding length: 7983372
VCDIFF target window length:  8388608
VCDIFF data section length:   7783607
VCDIFF inst section length:   130580
VCDIFF addr section length:   69166

VCDIFF window number:         307
VCDIFF window indicator:      VCD_SOURCE VCD_ADLER32 
VCDIFF adler32 checksum:      49F3F209
VCDIFF window at offset:      2575302656
VCDIFF copy window length:    66743167
VCDIFF copy window offset:    2547135477
VCDIFF delta encoding length: 8216880
VCDIFF target window length:  8388608
VCDIFF data section length:   8096191
VCDIFF inst section length:   59488
VCDIFF addr section length:   61182

VCDIFF window number:         308
VCDIFF window indicator:      VCD_SOURCE VCD_ADLER32 
VCDIFF adler32 checksum:      7F39A1EC
VCDIFF window at offset:      2583691264
VCDIFF copy window length:    56464237
VCDIFF copy window offset:    2566378951
VCDIFF delta encoding length: 8393817
VCDIFF target window length:  8388608
VCDIFF data section length:   8372597
VCDIFF inst section length:   13126
VCDIFF addr section length:   8077

VCDIFF window number:         309
VCDIFF window indicator:      VCD_SOURCE VCD_ADLER32 
VCDIFF adler32 checksum:      FA6FFC79
VCDIFF window at offset:      2592079872
VCDIFF copy window length:    36263479
VCDIFF copy window offset:    2595804062
VCDIFF delta encoding length: 8393720
VCDIFF target window length:  8388608
VCDIFF data section length:   8374141
VCDIFF inst section length:   12247
VCDIFF addr section length:   7315

VCDIFF window number:         310
VCDIFF window indicator:      VCD_SOURCE VCD_ADLER32 
VCDIFF adler32 checksum:      2FC90465
VCDIFF window at offset:      2600468480
VCDIFF copy window length:    25502724
VCDIFF copy window offset:    2613801871
VCDIFF delta encoding length: 8396419
VCDIFF target window length:  8388608
VCDIFF data section length:   8365137
VCDIFF inst section length:   19352
VCDIFF addr section length:   11912

VCDIFF window number:         311
VCDIFF window indicator:      VCD_SOURCE VCD_ADLER32 
VCDIFF adler32 checksum:      2DA388AB
VCDIFF window at offset:      2608857088
VCDIFF copy window length:    65573690
VCDIFF copy window offset:    2582251058
VCDIFF delta encoding length: 8300795
VCDIFF target window length:  8388608
VCDIFF data section length:   8237332
VCDIFF inst section length:   24442
VCDIFF addr section length:   39002

VCDIFF window number:         312
VCDIFF window indicator:      VCD_SOURCE VCD_ADLER32 
VCDIFF adler32 checksum:      1D6C5500
VCDIFF window at offset:      2617245696
VCDIFF copy window length:    62854409
VCDIFF copy window offset:    2589113108
VCDIFF delta encoding length: 7978973
VCDIFF target window length:  8388608
VCDIFF data section length:   7452676
VCDIFF inst section length:   171257
VCDIFF addr section length:   355021

VCDIFF window number:         313
VCDIFF window indicator:      VCD_SOURCE VCD_ADLER32 
VCDIFF adler32 checksum:      F8D960F9
VCDIFF window at offset:      2625634304
VCDIFF copy window length:    48439965
VCDIFF copy window offset:    2613763589
VCDIFF delta encoding length: 7818465
VCDIFF target window length:  8388608
VCDIFF data section length:   7368269
VCDIFF inst section length:   171627
VCDIFF addr section length:   278550

VCDIFF window number:         314
VCDIFF window indicator:      VCD_ADLER32 
VCDIFF adler32 checksum:      6FE11B6E
VCDIFF window at offset:      2634022912
VCDIFF delta encoding length: 8396699
VCDIFF target window length:  8388608
VCDIFF data section length:   8368953
VCDIFF inst section length:   16905
VCDIFF addr section length:   10823

VCDIFF window number:         315
VCDIFF window indicator:      VCD_SOURCE VCD_ADLER32 
VCDIFF adler32 checksum:      82FE80C3
VCDIFF window at offset:      2642411520
VCDIFF copy window length:    67631044
VCDIFF copy window offset:    2613770192
VCDIFF delta encoding length: 8224711
VCDIFF target window length:  8388608
VCDIFF data section length:   8189559
VCDIFF inst section length:   17361
VCDIFF addr section length:   17772

VCDIFF window number:         316
VCDIFF window indicator:      VCD_SOURCE VCD_ADLER32 
VCDIFF adler32 checksum:      7391B294
VCDIFF window at offset:      2650800128
VCDIFF copy window length:    48919350
VCDIFF copy window offset:    2639302494
VCDIFF delta encoding length: 8392705
VCDIFF target window length:  8388608
VCDIFF data section length:   8375624
VCDIFF inst section length:   10591
VCDIFF addr section length:   6473

VCDIFF window number:         317
VCDIFF window indicator:      VCD_SOURCE VCD_ADLER32 
VCDIFF adler32 checksum:      D5C47918
VCDIFF window at offset:      2659188736
VCDIFF copy window length:    18846099
VCDIFF copy window offset:    2677036737
VCDIFF delta encoding length: 8394904
VCDIFF target window length:  8388608
VCDIFF data section length:   8369792
VCDIFF inst section length:   15719
VCDIFF addr section length:   9376

VCDIFF window number:         318
VCDIFF window indicator:      VCD_SOURCE VCD_ADLER32 
VCDIFF adler32 checksum:      1766DB08
VCDIFF window at offset:      2667577344
VCDIFF copy window length:    63369379
VCDIFF copy window offset:    2639304619
VCDIFF delta encoding length: 8355816
VCDIFF target window length:  8388608
VCDIFF data section length:   8284053
VCDIFF inst section length:   30749
VCDIFF addr section length:   40995

VCDIFF window number:         319
VCDIFF window indicator:      VCD_SOURCE VCD_ADLER32 
VCDIFF adler32 checksum:      F3FBCA4E
VCDIFF window at offset:      2675965952
VCDIFF copy window length:    67399207
VCDIFF copy window offset:    2647816079
VCDIFF delta encoding length: 8361055
VCDIFF target window length:  8388608
VCDIFF data section length:   8304910
VCDIFF inst section length:   25366
VCDIFF addr section length:   30760

VCDIFF window number:         320
VCDIFF window indicator:      VCD_SOURCE VCD_ADLER32 
VCDIFF adler32 checksum:      8DC968EC
VCDIFF window at offset:      2684354560
VCDIFF copy window length:    62382301
VCDIFF copy window offset:    2662192855
VCDIFF delta encoding length: 8390248
VCDIFF target window length:  8388608
VCDIFF data section length:   8376347
VCDIFF inst section length:   8458
VCDIFF addr section length:   5426

VCDIFF window number:         321
VCDIFF window indicator:      VCD_SOURCE VCD_ADLER32 
VCDIFF adler32 checksum:      32638163
VCDIFF window at offset:      2692743168
VCDIFF copy window length:    64414485
VCDIFF copy window offset:    2669023623
VCDIFF delta encoding length: 8395887
VCDIFF target window length:  8388608
VCDIFF data section length:   8340933
VCDIFF inst section length:   30966
VCDIFF addr section length:   23969

VCDIFF window number:         322
VCDIFF window indicator:      VCD_SOURCE VCD_ADLER32 
VCDIFF adler32 checksum:      DADB61B9
VCDIFF window at offset:      2701131776
VCDIFF copy window length:    58653572
VCDIFF copy window offset:    2684354840
VCDIFF delta encoding length: 8382876
VCDIFF target window length:  8388608
VCDIFF data section length:   8340743
VCDIFF inst section length:   22655
VCDIFF addr section length:   19459

VCDIFF window number:         323
VCDIFF window indicator:      VCD_SOURCE VCD_ADLER32 
VCDIFF adler32 checksum:      4654759A
VCDIFF window at offset:      2709520384
VCDIFF copy window length:    62848549
VCDIFF copy window offset:    2688176032
VCDIFF delta encoding length: 8391995
VCDIFF target window length:  8388608
VCDIFF data section length:   8370008
VCDIFF inst section length:   13162
VCDIFF addr section length:   8808

VCDIFF window number:         324
VCDIFF window indicator:      VCD_SOURCE VCD_ADLER32 
VCDIFF adler32 checksum:      41A144F4
VCDIFF window at offset:      2717908992
VCDIFF copy window length:    67878244
VCDIFF copy window offset:    2691972254
VCDIFF delta encoding length: 8388139
VCDIFF target window length:  8388608
VCDIFF data section length:   8353878
VCDIFF inst section length:   19155
VCDIFF addr section length:   15088

VCDIFF window number:         325
VCDIFF window indicator:      VCD_SOURCE VCD_ADLER32 
VCDIFF adler32 checksum:      FCC870B1
VCDIFF window at offset:      2726297600
VCDIFF copy window length:    65086767
VCDIFF copy window offset:    2702663607
VCDIFF delta encoding length: 8390733
VCDIFF target window length:  8388608
VCDIFF data section length:   8382093
VCDIFF inst section length:   5493
VCDIFF addr section length:   3130

VCDIFF window number:         326
VCDIFF window indicator:      VCD_SOURCE VCD_ADLER32 
VCDIFF adler32 checksum:      AC2F64F1
VCDIFF window at offset:      2734686208
VCDIFF copy window length:    59287341
VCDIFF copy window offset:    2715213415
VCDIFF delta encoding length: 8395124
VCDIFF target window length:  8388608
VCDIFF data section length:   8358711
VCDIFF inst section length:   21189
VCDIFF addr section length:   15206

VCDIFF window number:         327
VCDIFF window indicator:      VCD_SOURCE VCD_ADLER32 
VCDIFF adler32 checksum:      B91DE3FF
VCDIFF window at offset:      2743074816
VCDIFF copy window length:    67380253
VCDIFF copy window offset:    2715213415
VCDIFF delta encoding length: 8375029
VCDIFF target window length:  8388608
VCDIFF data section length:   8323202
VCDIFF inst section length:   24867
VCDIFF addr section length:   26941

VCDIFF window number:         328
VCDIFF window indicator:      VCD_SOURCE VCD_ADLER32 
VCDIFF adler32 checksum:      C028F97E
VCDIFF window at offset:      2751463424
VCDIFF copy window length:    69742079
VCDIFF copy window offset:    2721567221
VCDIFF delta encoding length: 8302200
VCDIFF target window length:  8388608
VCDIFF data section length:   8203927
VCDIFF inst section length:   47906
VCDIFF addr section length:   50348

VCDIFF window number:         329
VCDIFF window indicator:      VCD_SOURCE VCD_ADLER32 
VCDIFF adler32 checksum:      6C8511DE
VCDIFF window at offset:      2759852032
VCDIFF copy window length:    48108085
VCDIFF copy window offset:    2753145335
VCDIFF delta encoding length: 8390925
VCDIFF target window length:  8388608
VCDIFF data section length:   8380629
VCDIFF inst section length:   6440
VCDIFF addr section length:   3839

VCDIFF window number:         330
VCDIFF window indicator:      VCD_SOURCE VCD_ADLER32 
VCDIFF adler32 checksum:      AA969A83
VCDIFF window at offset:      2768240640
VCDIFF copy window length:    57805879
VCDIFF copy window offset:    2750118135
VCDIFF delta encoding length: 8380652
VCDIFF target window length:  8388608
VCDIFF data section length:   8374247
VCDIFF inst section length:   4065
VCDIFF addr section length:   2323

VCDIFF window number:         331
VCDIFF window indicator:      VCD_SOURCE VCD_ADLER32 
VCDIFF adler32 checksum:      BDBDE917
VCDIFF window at offset:      2776629248
VCDIFF copy window length:    68287678
VCDIFF copy window offset:    2750269991
VCDIFF delta encoding length: 8338460
VCDIFF target window length:  8388608
VCDIFF data section length:   8249266
VCDIFF inst section length:   38130
VCDIFF addr section length:   51045

VCDIFF window number:         332
VCDIFF window indicator:      VCD_SOURCE VCD_ADLER32 
VCDIFF adler32 checksum:      BBD46B3C
VCDIFF window at offset:      2785017856
VCDIFF copy window length:    74991387
VCDIFF copy window offset:    2754063656
VCDIFF delta encoding length: 6855210
VCDIFF target window length:  8388608
VCDIFF data section length:   6787377
VCDIFF inst section length:   28742
VCDIFF addr section length:   39072

VCDIFF window number:         333
VCDIFF window indicator:      VCD_SOURCE VCD_ADLER32 
VCDIFF adler32 checksum:      F145B3ED
VCDIFF window at offset:      2793406464
VCDIFF copy window length:    73229440
VCDIFF copy window offset:    2761979444
VCDIFF delta encoding length: 8123410
VCDIFF target window length:  8388608
VCDIFF data section length:   8041691
VCDIFF inst section length:   35492
VCDIFF addr section length:   46208

VCDIFF window number:         334
VCDIFF window indicator:      VCD_SOURCE VCD_ADLER32 
VCDIFF adler32 checksum:      7093913A
VCDIFF window at offset:      2801795072
VCDIFF copy window length:    69120602
VCDIFF copy window offset:    2772137344
VCDIFF delta encoding length: 8231690
VCDIFF target window length:  8388608
VCDIFF data section length:   7959840
VCDIFF inst section length:   148670
VCDIFF addr section length:   123161

VCDIFF window number:         335
VCDIFF window indicator:      VCD_SOURCE VCD_ADLER32 
VCDIFF adler32 checksum:      754B7114
VCDIFF window at offset:      2810183680
VCDIFF copy window length:    71051301
VCDIFF copy window offset:    2778879719
VCDIFF delta encoding length: 7581003
VCDIFF target window length:  8388608
VCDIFF data section length:   7360384
VCDIFF inst section length:   104719
VCDIFF addr section length:   115881

VCDIFF window number:         336
VCDIFF window indicator:      VCD_SOURCE VCD_ADLER32 
VCDIFF adler32 checksum:      162ABDF6
VCDIFF window at offset:      2818572288
VCDIFF copy window length:    66919695
VCDIFF copy window offset:    2787298795
VCDIFF delta encoding length: 8081231
VCDIFF target window length:  8388608
VCDIFF data section length:   7654182
VCDIFF inst section length:   197159
VCDIFF addr section length:   229871

VCDIFF window number:         337
VCDIFF window indicator:      VCD_SOURCE VCD_ADLER32 
VCDIFF adler32 checksum:      A17A23C6
VCDIFF window at offset:      2826960896
VCDIFF copy window length:    68774389
VCDIFF copy window offset:    2795726419
VCDIFF delta encoding length: 7833825
VCDIFF target window length:  8388608
VCDIFF data section length:   7232987
VCDIFF inst section length:   309925
VCDIFF addr section length:   290894

VCDIFF window number:         338
VCDIFF window indicator:      VCD_SOURCE VCD_ADLER32 
VCDIFF adler32 checksum:      C6F18BBE
VCDIFF window at offset:      2835349504
VCDIFF copy window length:    68065852
VCDIFF copy window offset:    2804744888
VCDIFF delta encoding length: 8165328
VCDIFF target window length:  8388608
VCDIFF data section length:   7808539
VCDIFF inst section length:   180205
VCDIFF addr section length:   176565

VCDIFF window number:         339
VCDIFF window indicator:      VCD_SOURCE VCD_ADLER32 
VCDIFF adler32 checksum:      D477B4A8
VCDIFF window at offset:      2843738112
VCDIFF copy window length:    69044648
VCDIFF copy window offset:    2812413555
VCDIFF delta encoding length: 8229592
VCDIFF target window length:  8388608
VCDIFF data section length:   8081410
VCDIFF inst section length:   61486
VCDIFF addr section length:   86677

VCDIFF window number:         340
VCDIFF window indicator:      VCD_SOURCE VCD_ADLER32 
VCDIFF adler32 checksum:      CDDACD65
VCDIFF window at offset:      2852126720
VCDIFF copy window length:    68226135
VCDIFF copy window offset:    2821595169
VCDIFF delta encoding length: 8146329
VCDIFF target window length:  8388608
VCDIFF data section length:   8024828
VCDIFF inst section length:   54742
VCDIFF addr section length:   66740

VCDIFF window number:         341
VCDIFF window indicator:      VCD_SOURCE VCD_ADLER32 
VCDIFF adler32 checksum:      6D7ACD3E
VCDIFF window at offset:      2860515328
VCDIFF copy window length:    68580368
VCDIFF copy window offset:    2829610536
VCDIFF delta encoding length: 8287055
VCDIFF target window length:  8388608
VCDIFF data section length:   8176327
VCDIFF inst section length:   47244
VCDIFF addr section length:   63465

VCDIFF window number:         342
VCDIFF window indicator:      VCD_SOURCE VCD_ADLER32 
VCDIFF adler32 checksum:      28BAF4BF
VCDIFF window at offset:      2868903936
VCDIFF copy window length:    71249069
VCDIFF copy window offset:    2837460243
VCDIFF delta encoding length: 8284625
VCDIFF target window length:  8388608
VCDIFF data section length:   8157545
VCDIFF inst section length:   52846
VCDIFF addr section length:   74215

VCDIFF window number:         343
VCDIFF window indicator:      VCD_SOURCE VCD_ADLER32 
VCDIFF adler32 checksum:      DE0BDDC9
VCDIFF window at offset:      2877292544
VCDIFF copy window length:    70901504
VCDIFF copy window offset:    2846028293
VCDIFF delta encoding length: 8308756
VCDIFF target window length:  8388608
VCDIFF data section length:   8200385
VCDIFF inst section length:   59029
VCDIFF addr section length:   49323

VCDIFF window number:         344
VCDIFF window indicator:      VCD_SOURCE VCD_ADLER32 
VCDIFF adler32 checksum:      DA1BCA1B
VCDIFF window at offset:      2885681152
VCDIFF copy window length:    68671462
VCDIFF copy window offset:    2854449294
VCDIFF delta encoding length: 8272298
VCDIFF target window length:  8388608
VCDIFF data section length:   8145830
VCDIFF inst section length:   64391
VCDIFF addr section length:   62058

VCDIFF window number:         345
VCDIFF window indicator:      VCD_SOURCE VCD_ADLER32 
VCDIFF adler32 checksum:      E0C85379
VCDIFF window at offset:      2894069760
VCDIFF copy window length:    61144395
VCDIFF copy window offset:    2864732081
VCDIFF delta encoding length: 8292827
VCDIFF target window length:  8388608
VCDIFF data section length:   8167860
VCDIFF inst section length:   50455
VCDIFF addr section length:   74493

VCDIFF window number:         346
VCDIFF window indicator:      VCD_SOURCE VCD_ADLER32 
VCDIFF adler32 checksum:      8D7DC6E4
VCDIFF window at offset:      2902458368
VCDIFF copy window length:    54320575
VCDIFF copy window offset:    2871555915
VCDIFF delta encoding length: 8281682
VCDIFF target window length:  8388608
VCDIFF data section length:   8168653
VCDIFF inst section length:   49034
VCDIFF addr section length:   63976

VCDIFF window number:         347
VCDIFF window indicator:      VCD_SOURCE VCD_ADLER32 
VCDIFF adler32 checksum:      9DA108ED
VCDIFF window at offset:      2910846976
VCDIFF copy window length:    69814446
VCDIFF copy window offset:    2879907015
VCDIFF delta encoding length: 8030015
VCDIFF target window length:  8388608
VCDIFF data section length:   7932337
VCDIFF inst section length:   40835
VCDIFF addr section length:   56824

VCDIFF window number:         348
VCDIFF window indicator:      VCD_SOURCE VCD_ADLER32 
VCDIFF adler32 checksum:      F51B479E
VCDIFF window at offset:      2919235584
VCDIFF copy window length:    66005215
VCDIFF copy window offset:    2883716246
VCDIFF delta encoding length: 8111292
VCDIFF target window length:  8388608
VCDIFF data section length:   8037518
VCDIFF inst section length:   30572
VCDIFF addr section length:   43183

VCDIFF window number:         349
VCDIFF window indicator:      VCD_SOURCE VCD_ADLER32 
VCDIFF adler32 checksum:      D7EBD6FA
VCDIFF window at offset:      2927624192
VCDIFF copy window length:    65996186
VCDIFF copy window offset:    2883725275
VCDIFF delta encoding length: 8337518
VCDIFF target window length:  8388608
VCDIFF data section length:   8282737
VCDIFF inst section length:   26096
VCDIFF addr section length:   28666

VCDIFF window number:         350
VCDIFF window indicator:      VCD_SOURCE VCD_ADLER32 
VCDIFF adler32 checksum:      38305A03
VCDIFF window at offset:      2936012800
VCDIFF copy window length:    66137461
VCDIFF copy window offset:    2883584000
VCDIFF delta encoding length: 3117450
VCDIFF target window length:  8388608
VCDIFF data section length:   3069585
VCDIFF inst section length:   21659
VCDIFF addr section length:   26187

VCDIFF window number:         351
VCDIFF window indicator:      VCD_SOURCE VCD_ADLER32 
VCDIFF adler32 checksum:      986C5929
VCDIFF window at offset:      2944401408
VCDIFF copy window length:    8388608
VCDIFF copy window offset:    2888806656
VCDIFF delta encoding length: 18
VCDIFF target window length:  8388608
VCDIFF data section length:   0
VCDIFF inst section length:   5
VCDIFF addr section length:   1

VCDIFF window number:         352
VCDIFF window indicator:      VCD_SOURCE VCD_ADLER32 
VCDIFF adler32 checksum:      0DD75F2F
VCDIFF window at offset:      2952790016
VCDIFF copy window length:    8388608
VCDIFF copy window offset:    2897195264
VCDIFF delta encoding length: 18
VCDIFF target window length:  8388608
VCDIFF data section length:   0
VCDIFF inst section length:   5
VCDIFF addr section length:   1

VCDIFF window number:         353
VCDIFF window indicator:      VCD_SOURCE VCD_ADLER32 
VCDIFF adler32 checksum:      0C3231D4
VCDIFF window at offset:      2961178624
VCDIFF copy window length:    8388608
VCDIFF copy window offset:    2905583872
VCDIFF delta encoding length: 18
VCDIFF target window length:  8388608
VCDIFF data section length:   0
VCDIFF inst section length:   5
VCDIFF addr section length:   1

VCDIFF window number:         354
VCDIFF window indicator:      VCD_SOURCE VCD_ADLER32 
VCDIFF adler32 checksum:      74D2F6F9
VCDIFF window at offset:      2969567232
VCDIFF copy window length:    8388608
VCDIFF copy window offset:    2913972480
VCDIFF delta encoding length: 18
VCDIFF target window length:  8388608
VCDIFF data section length:   0
VCDIFF inst section length:   5
VCDIFF addr section length:   1

VCDIFF window number:         355
VCDIFF window indicator:      VCD_SOURCE VCD_ADLER32 
VCDIFF adler32 checksum:      E23B4E74
VCDIFF window at offset:      2977955840
VCDIFF copy window length:    12307360
VCDIFF copy window offset:    2922361088
VCDIFF delta encoding length: 4825036
VCDIFF target window length:  8388608
VCDIFF data section length:   4821100
VCDIFF inst section length:   2467
VCDIFF addr section length:   1452

VCDIFF window number:         356
VCDIFF window indicator:      VCD_SOURCE VCD_ADLER32 
VCDIFF adler32 checksum:      BA88FA66
VCDIFF window at offset:      2986344448
VCDIFF copy window length:    7269792
VCDIFF copy window offset:    2929143456
VCDIFF delta encoding length: 8319025
VCDIFF target window length:  8388608
VCDIFF data section length:   8307211
VCDIFF inst section length:   7532
VCDIFF addr section length:   4265

VCDIFF window number:         357
VCDIFF window indicator:      VCD_SOURCE VCD_ADLER32 
VCDIFF adler32 checksum:      00226297
VCDIFF window at offset:      2994733056
VCDIFF copy window length:    25984
VCDIFF copy window offset:    2945109568
VCDIFF delta encoding length: 8384924
VCDIFF target window length:  8388608
VCDIFF data section length:   8384485
VCDIFF inst section length:   297
VCDIFF addr section length:   126

VCDIFF window number:         358
VCDIFF window indicator:      VCD_SOURCE VCD_ADLER32 
VCDIFF adler32 checksum:      EA7BBA08
VCDIFF window at offset:      3003121664
VCDIFF copy window length:    839744
VCDIFF copy window offset:    2948887488
VCDIFF delta encoding length: 1799193
VCDIFF target window length:  2638848
VCDIFF data section length:   1799023
VCDIFF inst section length:   112
VCDIFF addr section length:   44
